"","finalPercentages"
"1","-0.00025"
"2","-0.1 percent"
"3","-0.19 percent"
"4","-0.3 percent"
"5","-0.4"
"6","-0.6"
"7","-0.60%"
"8","-0.80%"
"9","-0.9"
"10","-1.00%"
"11","-1.70%"
"12","-2.80%"
"13","-2.90%"
"14","-20.00%"
"15","-3.61 percent"
"16","-4.00%"
"17","-5.10%"
"18","-54.00%"
"19","-58.00%"
"20","-6.00%"
"21","-6.40%"
"22","-66.00%"
"23","-69.00%"
"24","""_ percentage point"""
"25","""-.01%."""
"26","""-0.9%"""
"27","""(+3%)"""
"28","""(+86%)"""
"29","""(11.4%),"""
"30","""(20%),"""
"31","""~4.22%"""
"32","""0.0%"""
"33","""0.00-0.25%"""
"34","""0.15%,"""
"35","""0.17%."""
"36","""0.2 percent"""
"37","""0.2 percentage points"""
"38","""0.2%."""
"39","""0.3%."""
"40","""0.4 percent"""
"41","""0.4%,"""
"42","""0.4%."""
"43","""0.4%"""
"44","""0.6 percent"""
"45","""0.6%."""
"46","""0.7 percent (±1.3%)*"""
"47","""0.9%."""
"48","""1 percent"""
"49","""1 percentile point"""
"50","""1 to 2 percentage points"""
"51","""1-2 percentage point"""
"52","""1.24%"""
"53","""1.36%"""
"54","""1.4 percent (±0.8%)"""
"55","""1.5%"""
"56","""1.75%"""
"57","""1.8%"""
"58","""1%"""
"59","""10 percent"""
"60","""10.8 percent"""
"61","""11.3%."""
"62","""12%"""
"63","""13.3%,"""
"64","""13.9 percent."""
"65","""14.0-percent"""
"66","""15 percent"""
"67","""17.4 percent"""
"68","""17.85%)"""
"69","""19.4 percent"""
"70","""19%."""
"71","""2 percent"""
"72","""2 percentile points"""
"73","""2.02 percent"""
"74","""2.3 percent"""
"75","""2.6%"""
"76","""2.7%,"""
"77","""2%-2_%."""
"78","""2%"""
"79","""20-32%"""
"80","""200%"""
"81","""25 percent."""
"82","""25%?"""
"83","""26 percent"""
"84","""3 percent"""
"85","""3.0 percent (±3.0%)*"""
"86","""3.8 percent"""
"87","""300 percent"""
"88","""31 percent"""
"89","""31.8 percent"""
"90","""32.32%."""
"91","""35 percent"""
"92","""39 percent,"""
"93","""4.1 percent"""
"94","""4.2 percent,"""
"95","""4.3-percent"""
"96","""4.3%)."""
"97","""4.58%."""""
"98","""4%"""
"99","""40-60%."""
"100","""40%"""
"101","""49 percent"""
"102","""5.5%"""
"103","""5%."""
"104","""57 percent"""
"105","""6.6%"""
"106","""6.8 percent"""
"107","""60%"""
"108","""68 percent"""
"109","""70 percent"""
"110","""70%"""
"111","""75 percent"""
"112","""8 percent"""
"113","""8%,"""
"114","""88%"""
"115","""98-100%"""
"116","""Fifty percent"""
"117","""Seventeen percent"""
"118","""Twenty-four percent"""
"119","0"
"120","0 percent"
"121","0-2 percent"
"122","0.0 percent"
"123","0.00%"
"124","0.001"
"125","0.001 percent"
"126","0.001387015"
"127","0.002 percent"
"128","0.005 percent"
"129","0.007 percent"
"130","0.008"
"131","0.01"
"132","0.01 percent"
"133","0.01%"
"134","0.011"
"135","0.02"
"136","0.02 percent"
"137","0.02Â percent"
"138","0.02%"
"139","0.03"
"140","0.03 percent"
"141","0.03%"
"142","0.04"
"143","0.04 percent"
"144","0.04Â percent"
"145","0.04%"
"146","0.05"
"147","0.05 percent"
"148","0.055 percent"
"149","0.06"
"150","0.06 percent"
"151","0.06%"
"152","0.07"
"153","0.07 percent"
"154","0.07%"
"155","0.08"
"156","0.08 percent"
"157","0.08%"
"158","0.084 percent"
"159","0.09"
"160","0.09 percent"
"161","0.09Â percent"
"162","0.09%"
"163","0.0945 percent"
"164","0.1"
"165","0.1 percent"
"166","0.1Â percent"
"167","0.10 percent"
"168","0.10Â percent"
"169","0.10%"
"170","0.11"
"171","0.11 percent"
"172","0.11%"
"173","0.12"
"174","0.12 percent"
"175","0.12%"
"176","0.13"
"177","0.13 percent"
"178","0.13%"
"179","0.14"
"180","0.14 percent"
"181","0.14%"
"182","0.15"
"183","0.15 percent"
"184","0.16"
"185","0.16 percent"
"186","0.16%"
"187","0.169 percent"
"188","0.17"
"189","0.17 percent"
"190","0.17%"
"191","0.171 percent"
"192","0.172 percent"
"193","0.18"
"194","0.18 percent"
"195","0.18%"
"196","0.19"
"197","0.19 percent"
"198","0.19%"
"199","0.2"
"200","0.2 percent"
"201","0.2 percentage"
"202","0.20 percent"
"203","0.20%"
"204","0.21"
"205","0.21 percent"
"206","0.21%"
"207","0.22"
"208","0.22 percent"
"209","0.22%"
"210","0.23"
"211","0.23 percent"
"212","0.23%"
"213","0.24"
"214","0.24 percent"
"215","0.24%"
"216","0.25"
"217","0.25 percent"
"218","0.26"
"219","0.26%"
"220","0.27"
"221","0.27 percent"
"222","0.27%"
"223","0.28"
"224","0.28 percent"
"225","0.28%"
"226","0.29"
"227","0.29 percent"
"228","0.29%"
"229","0.3"
"230","0.3 percent"
"231","0.3Â percent"
"232","0.30 percent"
"233","0.30%"
"234","0.31"
"235","0.31 percent"
"236","0.31%"
"237","0.315 percent"
"238","0.32"
"239","0.32 percent"
"240","0.32%"
"241","0.33"
"242","0.33 percent"
"243","0.33%"
"244","0.34"
"245","0.34 percent"
"246","0.34%"
"247","0.35"
"248","0.35 percent"
"249","0.35%"
"250","0.36"
"251","0.36 percent"
"252","0.36%"
"253","0.37"
"254","0.37%"
"255","0.375"
"256","0.38"
"257","0.38 percent"
"258","0.38%"
"259","0.385 percent"
"260","0.39"
"261","0.39%"
"262","0.4"
"263","0.4 percent"
"264","0.4 percentage"
"265","0.40 percent"
"266","0.40%"
"267","0.41"
"268","0.41 percent"
"269","0.41%"
"270","0.4159 percent"
"271","0.42"
"272","0.42 percent"
"273","0.42%"
"274","0.425 percent"
"275","0.43"
"276","0.43 percent"
"277","0.43%"
"278","0.44"
"279","0.44 percent"
"280","0.44%"
"281","0.45"
"282","0.45 percent"
"283","0.45%"
"284","0.46"
"285","0.46 percent"
"286","0.46%"
"287","0.47"
"288","0.47 percent"
"289","0.47%"
"290","0.48"
"291","0.48 percent"
"292","0.48%"
"293","0.480 percent"
"294","0.49"
"295","0.49 percent"
"296","0.49%"
"297","0.5"
"298","0.5 percent"
"299","0.50 percent"
"300","0.50%"
"301","0.500 percent"
"302","0.51"
"303","0.51 percent"
"304","0.51%"
"305","0.515 percent"
"306","0.52"
"307","0.52 percent"
"308","0.52%"
"309","0.53"
"310","0.53 percent"
"311","0.534"
"312","0.534 percent"
"313","0.54 percent"
"314","0.54%"
"315","0.55"
"316","0.55 percent"
"317","0.55%"
"318","0.56"
"319","0.56%"
"320","0.57"
"321","0.57 percent"
"322","0.57%"
"323","0.58"
"324","0.58 percent"
"325","0.59"
"326","0.59 percent"
"327","0.59%"
"328","0.6"
"329","0.6 percent"
"330","0.6Â percent"
"331","0.60 percent"
"332","0.60%"
"333","0.61"
"334","0.61 percent"
"335","0.61 percentage"
"336","0.62"
"337","0.62 percent"
"338","0.62%"
"339","0.63"
"340","0.63 percent"
"341","0.63%"
"342","0.64"
"343","0.64 percent"
"344","0.64%"
"345","0.65"
"346","0.65 percent"
"347","0.65%"
"348","0.66"
"349","0.66 percent"
"350","0.66%"
"351","0.6603"
"352","0.67"
"353","0.67 percent"
"354","0.67%"
"355","0.68"
"356","0.68%"
"357","0.69"
"358","0.69 percent"
"359","0.69%"
"360","0.7"
"361","0.7 percent"
"362","0.7Â percent"
"363","0.70 percent"
"364","0.709 percent"
"365","0.71"
"366","0.71 percent"
"367","0.71%"
"368","0.719 percent"
"369","0.72"
"370","0.72%"
"371","0.73"
"372","0.73 percent"
"373","0.74"
"374","0.74 percent"
"375","0.74%"
"376","0.75"
"377","0.75 percent"
"378","0.76"
"379","0.76 percent"
"380","0.76%"
"381","0.77"
"382","0.77 percent"
"383","0.77%"
"384","0.78"
"385","0.78%"
"386","0.79"
"387","0.79 percent"
"388","0.79%"
"389","0.8"
"390","0.8 percent"
"391","0.80%"
"392","0.81 percent"
"393","0.82 percent"
"394","0.82 percentage"
"395","0.82%"
"396","0.825"
"397","0.83 percent"
"398","0.83%"
"399","0.84"
"400","0.84 percent"
"401","0.84%"
"402","0.85"
"403","0.85 percent"
"404","0.85%"
"405","0.86 percent"
"406","0.86%"
"407","0.87 percent"
"408","0.88"
"409","0.88 percent"
"410","0.88%"
"411","0.9"
"412","0.9 percent"
"413","0.9Â percent"
"414","0.91 percent"
"415","0.915 percent"
"416","0.92"
"417","0.92 percent"
"418","0.92%"
"419","0.93"
"420","0.93 percent"
"421","0.93%"
"422","0.939 percent"
"423","0.94"
"424","0.94%"
"425","0.943 percent"
"426","0.95"
"427","0.95 percent"
"428","0.95%"
"429","0.96"
"430","0.97 percent"
"431","0.98"
"432","0.98%"
"433","0.99"
"434","0.99 percent"
"435","0%"
"436","01 percent"
"437","02%"
"438","05 percent"
"439","06 percent"
"440","1"
"441","1 percent"
"442","1Â percent"
"443","1 percentage"
"444","1-2 percent"
"445","1-2%"
"446","1-3 percent"
"447","1-3%"
"448","1,000 percent"
"449","1,000%"
"450","1,142 percent"
"451","1,200 percent"
"452","1,400 percent"
"453","1.0 percent"
"454","1.00 percent"
"455","1.00E-04"
"456","1.00E+11"
"457","1.01 percent"
"458","1.02 percent"
"459","1.02%"
"460","1.03"
"461","1.03 percent"
"462","1.03%"
"463","1.04"
"464","1.04 percent"
"465","1.04%"
"466","1.05"
"467","1.05 percent"
"468","1.05%"
"469","1.06"
"470","1.06 percent"
"471","1.06%"
"472","1.069 percent"
"473","1.07 percent"
"474","1.08"
"475","1.08 percent"
"476","1.09 percent"
"477","1.09%"
"478","1.097 percent"
"479","1.1"
"480","1.1 percent"
"481","1.11"
"482","1.11 percent"
"483","1.12"
"484","1.12 percent"
"485","1.123"
"486","1.125 percent"
"487","1.13"
"488","1.13 percent"
"489","1.13%"
"490","1.15"
"491","1.15 percent"
"492","1.15%"
"493","1.16"
"494","1.16 percent"
"495","1.17 percent"
"496","1.17%"
"497","1.18 percent"
"498","1.182"
"499","1.2"
"500","1.2 percent"
"501","1.2Â percent"
"502","1.21 percent"
"503","1.22 percent"
"504","1.23"
"505","1.23%"
"506","1.238 percent"
"507","1.24"
"508","1.24 percent"
"509","1.249 percent"
"510","1.25"
"511","1.25 percent"
"512","1.256"
"513","1.257"
"514","1.26"
"515","1.26 percent"
"516","1.26%"
"517","1.267"
"518","1.27"
"519","1.27 percent"
"520","1.27%"
"521","1.275 percent"
"522","1.28"
"523","1.28 percent"
"524","1.28%"
"525","1.29"
"526","1.29 percent"
"527","1.3"
"528","1.3 percent"
"529","1.3Â percent"
"530","1.30 percent"
"531","1.31"
"532","1.32"
"533","1.32 percent"
"534","1.32%"
"535","1.33"
"536","1.33 percent"
"537","1.33%"
"538","1.34"
"539","1.34%"
"540","1.35"
"541","1.35 percent"
"542","1.36"
"543","1.365"
"544","1.37"
"545","1.37%"
"546","1.375 percent"
"547","1.38"
"548","1.38 percent"
"549","1.39"
"550","1.39 percent"
"551","1.39%"
"552","1.39E-05"
"553","1.4"
"554","1.4 percent"
"555","1.40%"
"556","1.41"
"557","1.42"
"558","1.42 percent"
"559","1.43"
"560","1.43 percent"
"561","1.43%"
"562","1.44 percent"
"563","1.45"
"564","1.45 percent"
"565","1.45%"
"566","1.46"
"567","1.47"
"568","1.47 percent"
"569","1.47%"
"570","1.48"
"571","1.484"
"572","1.49"
"573","1.49 percent"
"574","1.49%"
"575","1.5"
"576","1.5 percent"
"577","1.5 percentage"
"578","1.50 percent"
"579","1.51"
"580","1.52"
"581","1.52 percent"
"582","1.53"
"583","1.53 percent"
"584","1.54"
"585","1.54 percent"
"586","1.55"
"587","1.55 percent"
"588","1.55%"
"589","1.56"
"590","1.57 percent"
"591","1.57%"
"592","1.58"
"593","1.59"
"594","1.59 percent"
"595","1.6"
"596","1.6 percent"
"597","1.6Â percent"
"598","1.61"
"599","1.61 percent"
"600","1.618"
"601","1.62 percent"
"602","1.63"
"603","1.63 percent"
"604","1.63%"
"605","1.64"
"606","1.65"
"607","1.65 percent"
"608","1.65%"
"609","1.66"
"610","1.66 percent"
"611","1.66%"
"612","1.67"
"613","1.67 percent"
"614","1.67%"
"615","1.68 percent"
"616","1.69"
"617","1.69 percent"
"618","1.69%"
"619","1.7"
"620","1.7 percent"
"621","1.7 percentage"
"622","1.70 percent"
"623","1.72"
"624","1.72%"
"625","1.73"
"626","1.74"
"627","1.74 percent"
"628","1.75"
"629","1.75 percent"
"630","1.75 percentage"
"631","1.76"
"632","1.76 percent"
"633","1.76%"
"634","1.77"
"635","1.78"
"636","1.79"
"637","1.79 percent"
"638","1.8"
"639","1.8 percent"
"640","1.8Â percent"
"641","1.80 percent"
"642","1.81"
"643","1.8178"
"644","1.83"
"645","1.83 percent"
"646","1.83%"
"647","1.84 percent"
"648","1.85 percent"
"649","1.86"
"650","1.86 percent"
"651","1.86%"
"652","1.865 percent"
"653","1.87"
"654","1.88"
"655","1.88 percent"
"656","1.89"
"657","1.89 percent"
"658","1.89%"
"659","1.9"
"660","1.9 percent"
"661","1.90%"
"662","1.91"
"663","1.91 percent"
"664","1.92"
"665","1.92 percent"
"666","1.93"
"667","1.93 percent"
"668","1.94 percent"
"669","1.95"
"670","1.95 percent"
"671","1.95%"
"672","1.96"
"673","1.97"
"674","1.97 percent"
"675","1.98"
"676","1.98 percent"
"677","1.99 percent"
"678","1/2 percent"
"679","1/4 percent"
"680","1/4Â percent"
"681","1%"
"682","10"
"683","10 percent"
"684","10Â percent"
"685","10 percentage"
"686","10-11 percent"
"687","10-12 percent"
"688","10-12%"
"689","10-15 percent"
"690","10-15%"
"691","10-20 percent"
"692","10-20%"
"693","10â€‘15 percent"
"694","10â€“19%"
"695","10,000 percent"
"696","10.0 percent"
"697","10.0%"
"698","10.00%"
"699","10.1"
"700","10.1 percent"
"701","10.1%"
"702","10.14"
"703","10.16 percent"
"704","10.17"
"705","10.2"
"706","10.2 percent"
"707","10.2%"
"708","10.20%"
"709","10.25"
"710","10.25%"
"711","10.28"
"712","10.3"
"713","10.3 percent"
"714","10.3Â percent"
"715","10.3%"
"716","10.30%"
"717","10.36 percent"
"718","10.37 percent"
"719","10.4"
"720","10.4 percent"
"721","10.4%"
"722","10.40 percent"
"723","10.40%"
"724","10.5"
"725","10.5 percent"
"726","10.50%"
"727","10.52"
"728","10.55 percent"
"729","10.6"
"730","10.6 percent"
"731","10.60%"
"732","10.61 percent"
"733","10.67"
"734","10.7"
"735","10.7 percent"
"736","10.7Â percent"
"737","10.73 percent"
"738","10.75%"
"739","10.77"
"740","10.77 percent"
"741","10.8"
"742","10.8 percent"
"743","10.8%"
"744","10.80%"
"745","10.87"
"746","10.9"
"747","10.9 percent"
"748","10.90%"
"749","10%"
"750","100"
"751","100 percent"
"752","100.9"
"753","100%"
"754","1000"
"755","1000 percent"
"756","1000%"
"757","100000000000%"
"758","101"
"759","101 percent"
"760","101.4"
"761","101%"
"762","102"
"763","102.6"
"764","102.7"
"765","102%"
"766","103"
"767","103 percent"
"768","103%"
"769","104"
"770","104.2 percent"
"771","104%"
"772","105"
"773","105 percent"
"774","105%"
"775","106"
"776","106%"
"777","107"
"778","107%"
"779","108 percent"
"780","109%"
"781","11"
"782","11 percent"
"783","11-13 percent"
"784","11-33 percent"
"785","11.0 percent"
"786","11.0%"
"787","11.00%"
"788","11.04 percent"
"789","11.1"
"790","11.1 percent"
"791","11.1%"
"792","11.10%"
"793","11.2"
"794","11.2 percent"
"795","11.2%"
"796","11.20%"
"797","11.25 percent"
"798","11.3"
"799","11.3 percent"
"800","11.3%"
"801","11.30%"
"802","11.34"
"803","11.35 percent"
"804","11.38 percent"
"805","11.4"
"806","11.4 percent"
"807","11.4%"
"808","11.40%"
"809","11.42 percent"
"810","11.45 percent"
"811","11.47 percent"
"812","11.5"
"813","11.5 percent"
"814","11.50%"
"815","11.6"
"816","11.6 percent"
"817","11.6%"
"818","11.60%"
"819","11.62 percent"
"820","11.7"
"821","11.7 percent"
"822","11.7%"
"823","11.70%"
"824","11.75"
"825","11.8"
"826","11.8 percent"
"827","11.80%"
"828","11.82 percent"
"829","11.85 percent"
"830","11.89"
"831","11.9"
"832","11.9 percent"
"833","11.90%"
"834","11%"
"835","110"
"836","110 percent"
"837","110.4 percent"
"838","110.9"
"839","110%"
"840","111"
"841","111%"
"842","112"
"843","112%"
"844","114 percent"
"845","114%"
"846","1140"
"847","1140%"
"848","115"
"849","115 percent"
"850","115%"
"851","116"
"852","116%"
"853","117"
"854","117 percent"
"855","117%"
"856","118"
"857","118 percent"
"858","118%"
"859","119%"
"860","12"
"861","12 percent"
"862","12 percentage"
"863","12-14 percent"
"864","12-15 percent"
"865","12-18 percent"
"866","12-percent"
"867","12.0 percent"
"868","12.0%"
"869","12.05"
"870","12.07"
"871","12.07 percent"
"872","12.09"
"873","12.1"
"874","12.1 percent"
"875","12.11 percent"
"876","12.17"
"877","12.2"
"878","12.2 percent"
"879","12.26 percent"
"880","12.3"
"881","12.3 percent"
"882","12.3%"
"883","12.31"
"884","12.39"
"885","12.4"
"886","12.4 percent"
"887","12.4%"
"888","12.43 percent"
"889","12.46"
"890","12.5"
"891","12.5 percent"
"892","12.50%"
"893","12.6"
"894","12.6 percent"
"895","12.6%"
"896","12.60%"
"897","12.7"
"898","12.7 percent"
"899","12.70%"
"900","12.75"
"901","12.78 percent"
"902","12.8"
"903","12.8 percent"
"904","12.8%"
"905","12.80%"
"906","12.82"
"907","12.825 percent"
"908","12.83"
"909","12.85"
"910","12.9"
"911","12.9 percent"
"912","12.9%"
"913","12.90%"
"914","12.94 percent"
"915","12.98"
"916","12.98 percent"
"917","12.98%"
"918","12%"
"919","120"
"920","120 percent"
"921","120%"
"922","1200 percent"
"923","1200%"
"924","121"
"925","121%"
"926","122 percent"
"927","122%"
"928","1225%"
"929","123"
"930","123 percent"
"931","123%"
"932","124"
"933","124 percent"
"934","124.6"
"935","124%"
"936","125"
"937","125 percent"
"938","125%"
"939","126"
"940","126%"
"941","127"
"942","127.3"
"943","127%"
"944","128"
"945","128 percent"
"946","128%"
"947","129"
"948","129 percent"
"949","129.3"
"950","129%"
"951","1298.00%"
"952","13"
"953","13 percent"
"954","13-15 percent"
"955","13.0 percent"
"956","13.0%"
"957","13.00%"
"958","13.04"
"959","13.07"
"960","13.1"
"961","13.1 percent"
"962","13.1%"
"963","13.17 percent"
"964","13.2"
"965","13.2 percent"
"966","13.2%"
"967","13.25"
"968","13.27 percent"
"969","13.28 percent"
"970","13.29"
"971","13.3"
"972","13.3 percent"
"973","13.3%"
"974","13.30%"
"975","13.31"
"976","13.4"
"977","13.4 percent"
"978","13.4%"
"979","13.40%"
"980","13.44"
"981","13.45"
"982","13.5"
"983","13.5 percent"
"984","13.50%"
"985","13.6"
"986","13.6 percent"
"987","13.60%"
"988","13.61"
"989","13.7"
"990","13.7 percent"
"991","13.7%"
"992","13.70%"
"993","13.74"
"994","13.8"
"995","13.8 percent"
"996","13.8%"
"997","13.80%"
"998","13.81"
"999","13.83 percent"
"1000","13.84"
"1001","13.9"
"1002","13.9 percent"
"1003","13.9%"
"1004","13.90%"
"1005","13%"
"1006","130"
"1007","130 percent"
"1008","130%"
"1009","1300%"
"1010","131"
"1011","131 percent"
"1012","131.5"
"1013","132"
"1014","132 percent"
"1015","132.30%"
"1016","132%"
"1017","133.4 percent"
"1018","134"
"1019","134.7"
"1020","134%"
"1021","135"
"1022","135 percent"
"1023","135%"
"1024","136"
"1025","136 percent"
"1026","136%"
"1027","137 percent"
"1028","137.6"
"1029","137%"
"1030","138"
"1031","138 percent"
"1032","138%"
"1033","14"
"1034","14 percent"
"1035","14.0 percent"
"1036","14.00%"
"1037","14.1"
"1038","14.1 percent"
"1039","14.1%"
"1040","14.10%"
"1041","14.11"
"1042","14.19"
"1043","14.2"
"1044","14.2 percent"
"1045","14.2%"
"1046","14.20%"
"1047","14.3"
"1048","14.3 percent"
"1049","14.3%"
"1050","14.30%"
"1051","14.32 percent"
"1052","14.4"
"1053","14.4 percent"
"1054","14.4%"
"1055","14.40%"
"1056","14.46 percent"
"1057","14.47 percent"
"1058","14.5"
"1059","14.5 percent"
"1060","14.5%"
"1061","14.50%"
"1062","14.59 percent"
"1063","14.6"
"1064","14.6 percent"
"1065","14.6%"
"1066","14.60%"
"1067","14.63 percent"
"1068","14.7"
"1069","14.7 percent"
"1070","14.7%"
"1071","14.70%"
"1072","14.72 percent"
"1073","14.8"
"1074","14.8 percent"
"1075","14.80%"
"1076","14.81 percent"
"1077","14.85"
"1078","14.85%"
"1079","14.87 percent"
"1080","14.9"
"1081","14.9 percent"
"1082","14.93"
"1083","14.95"
"1084","14%"
"1085","140"
"1086","140 percent"
"1087","140%"
"1088","1400%"
"1089","141"
"1090","141.2 percent"
"1091","141%"
"1092","142"
"1093","142%"
"1094","143 percent"
"1095","144"
"1096","144 percent"
"1097","144%"
"1098","145"
"1099","145 percent"
"1100","145%"
"1101","146"
"1102","146 percent"
"1103","146%"
"1104","147"
"1105","147 percent"
"1106","147%"
"1107","148"
"1108","148%"
"1109","149 percent"
"1110","149%"
"1111","15"
"1112","15 percent"
"1113","15Â percent"
"1114","15 percentage"
"1115","15-20 percent"
"1116","15-20%"
"1117","15-25 percent"
"1118","15.0 percent"
"1119","15.0%"
"1120","15.00%"
"1121","15.02 percent"
"1122","15.1"
"1123","15.1 percent"
"1124","15.1%"
"1125","15.10%"
"1126","15.18 percent"
"1127","15.2"
"1128","15.2 percent"
"1129","15.2%"
"1130","15.20%"
"1131","15.26"
"1132","15.3"
"1133","15.3 percent"
"1134","15.3Â percent"
"1135","15.3%"
"1136","15.30%"
"1137","15.32 percent"
"1138","15.33"
"1139","15.33%"
"1140","15.4"
"1141","15.4 percent"
"1142","15.4%"
"1143","15.40%"
"1144","15.5"
"1145","15.5 percent"
"1146","15.5%"
"1147","15.6"
"1148","15.6 percent"
"1149","15.6%"
"1150","15.60%"
"1151","15.7"
"1152","15.7 percent"
"1153","15.7%"
"1154","15.70%"
"1155","15.73"
"1156","15.76"
"1157","15.76%"
"1158","15.8"
"1159","15.8 percent"
"1160","15.8%"
"1161","15.80%"
"1162","15.84"
"1163","15.85"
"1164","15.89"
"1165","15.9"
"1166","15.9 percent"
"1167","15.9%"
"1168","15.90%"
"1169","15.91 percent"
"1170","15.96"
"1171","15.99"
"1172","15%"
"1173","150"
"1174","150 percent"
"1175","150.62"
"1176","150%"
"1177","1500%"
"1178","15000%"
"1179","151"
"1180","151%"
"1181","153"
"1182","153%"
"1183","155 percent"
"1184","156"
"1185","156%"
"1186","1565%"
"1187","159"
"1188","159%"
"1189","15900%"
"1190","16"
"1191","16 percent"
"1192","16.0 percent"
"1193","16.0%"
"1194","16.00%"
"1195","16.1"
"1196","16.1 percent"
"1197","16.1%"
"1198","16.10%"
"1199","16.19"
"1200","16.2"
"1201","16.2 percent"
"1202","16.2%"
"1203","16.23"
"1204","16.29"
"1205","16.3"
"1206","16.3 percent"
"1207","16.3%"
"1208","16.30%"
"1209","16.31 percent"
"1210","16.4"
"1211","16.4 percent"
"1212","16.4%"
"1213","16.40%"
"1214","16.46"
"1215","16.48"
"1216","16.5"
"1217","16.5 percent"
"1218","16.5%"
"1219","16.50%"
"1220","16.6"
"1221","16.6 percent"
"1222","16.6%"
"1223","16.60%"
"1224","16.7"
"1225","16.7 percent"
"1226","16.7%"
"1227","16.70%"
"1228","16.8"
"1229","16.8 percent"
"1230","16.8%"
"1231","16.80%"
"1232","16.81 percent"
"1233","16.84"
"1234","16.87 percent"
"1235","16.9"
"1236","16.9 percent"
"1237","16.9%"
"1238","16.90%"
"1239","16%"
"1240","160"
"1241","160%"
"1242","1600%"
"1243","161.8"
"1244","161%"
"1245","162"
"1246","162%"
"1247","163.4"
"1248","163.4 percent"
"1249","163.9 percent"
"1250","164%"
"1251","165"
"1252","165 percent"
"1253","165.4"
"1254","165.40%"
"1255","165%"
"1256","1654"
"1257","1654%"
"1258","166"
"1259","166%"
"1260","167%"
"1261","168%"
"1262","17"
"1263","17 percent"
"1264","17-18 percent"
"1265","17.0 percent"
"1266","17.00%"
"1267","17.01 percent"
"1268","17.1"
"1269","17.1 percent"
"1270","17.11"
"1271","17.2"
"1272","17.2 percent"
"1273","17.2%"
"1274","17.20%"
"1275","17.3"
"1276","17.3 percent"
"1277","17.3%"
"1278","17.30%"
"1279","17.4"
"1280","17.4 percent"
"1281","17.4%"
"1282","17.40%"
"1283","17.5"
"1284","17.5 percent"
"1285","17.5%"
"1286","17.50%"
"1287","17.6"
"1288","17.6 percent"
"1289","17.6%"
"1290","17.60%"
"1291","17.7"
"1292","17.7 percent"
"1293","17.7%"
"1294","17.70%"
"1295","17.74"
"1296","17.79 percent"
"1297","17.8"
"1298","17.8 percent"
"1299","17.80%"
"1300","17.82 percent"
"1301","17.9"
"1302","17.9 percent"
"1303","17.9%"
"1304","17.90%"
"1305","17%"
"1306","170"
"1307","170 percent"
"1308","170%"
"1309","172"
"1310","172%"
"1311","173"
"1312","173%"
"1313","175"
"1314","175 percent"
"1315","175%"
"1316","176"
"1317","176%"
"1318","177"
"1319","177 percent"
"1320","177.37"
"1321","177%"
"1322","18"
"1323","18 percent"
"1324","18.0 percent"
"1325","18.00%"
"1326","18.1"
"1327","18.1 percent"
"1328","18.1%"
"1329","18.10%"
"1330","18.11"
"1331","18.11 percent"
"1332","18.11%"
"1333","18.19 percent"
"1334","18.2"
"1335","18.2 percent"
"1336","18.2%"
"1337","18.20%"
"1338","18.3"
"1339","18.3 percent"
"1340","18.3%"
"1341","18.30%"
"1342","18.4"
"1343","18.4 percent"
"1344","18.4%"
"1345","18.40%"
"1346","18.5"
"1347","18.5 percent"
"1348","18.5%"
"1349","18.50%"
"1350","18.52 percent"
"1351","18.6"
"1352","18.6 percent"
"1353","18.6%"
"1354","18.60%"
"1355","18.7"
"1356","18.7 percent"
"1357","18.7%"
"1358","18.70%"
"1359","18.75"
"1360","18.75 percent"
"1361","18.8"
"1362","18.8 percent"
"1363","18.8%"
"1364","18.80%"
"1365","18.9"
"1366","18.9 percent"
"1367","18.9%"
"1368","18.90%"
"1369","18%"
"1370","180"
"1371","180 percent"
"1372","180%"
"1373","18000%"
"1374","181.8"
"1375","1811.00%"
"1376","182"
"1377","182 percent"
"1378","182%"
"1379","184.56 percent"
"1380","185%"
"1381","188 percent"
"1382","188%"
"1383","189 percent"
"1384","19"
"1385","19 percent"
"1386","19 percentage"
"1387","19.0 percent"
"1388","19.00%"
"1389","19.1"
"1390","19.1 percent"
"1391","19.2"
"1392","19.2 percent"
"1393","19.2%"
"1394","19.20%"
"1395","19.3"
"1396","19.3 percent"
"1397","19.3%"
"1398","19.30%"
"1399","19.39"
"1400","19.39%"
"1401","19.4"
"1402","19.4 percent"
"1403","19.4%"
"1404","19.40%"
"1405","19.42"
"1406","19.5"
"1407","19.5 percent"
"1408","19.5%"
"1409","19.50%"
"1410","19.6"
"1411","19.6 percent"
"1412","19.6%"
"1413","19.60%"
"1414","19.7"
"1415","19.7 percent"
"1416","19.7%"
"1417","19.75 percent"
"1418","19.8"
"1419","19.8 percent"
"1420","19.8%"
"1421","19.80%"
"1422","19.9"
"1423","19.9 percent"
"1424","19.90%"
"1425","19.96 percent"
"1426","19%"
"1427","190 percent"
"1428","190%"
"1429","192"
"1430","195"
"1431","195%"
"1432","197"
"1433","197%"
"1434","198 percent"
"1435","199%"
"1436","2"
"1437","2 71%"
"1438","2 75%"
"1439","2 percent"
"1440","2Â percent"
"1441","2 percentage"
"1442","2-3 percent"
"1443","2-3%"
"1444","2-4 percent"
"1445","2-4%"
"1446","2,000 percent"
"1447","2,200 percent"
"1448","2,619 percent"
"1449","2.0 percent"
"1450","2.0Â percent"
"1451","2.00%"
"1452","2.01"
"1453","2.02"
"1454","2.02 percent"
"1455","2.03"
"1456","2.03 percent"
"1457","2.03%"
"1458","2.04"
"1459","2.05"
"1460","2.05 percent"
"1461","2.05%"
"1462","2.06"
"1463","2.06%"
"1464","2.07"
"1465","2.07 percent"
"1466","2.08"
"1467","2.09"
"1468","2.09 percent"
"1469","2.097 percent"
"1470","2.1"
"1471","2.1 percent"
"1472","2.1Â percent"
"1473","2.10%"
"1474","2.11"
"1475","2.11%"
"1476","2.12"
"1477","2.128 percent"
"1478","2.13"
"1479","2.14"
"1480","2.15"
"1481","2.15 percent"
"1482","2.15%"
"1483","2.16"
"1484","2.16 percent"
"1485","2.16%"
"1486","2.17"
"1487","2.17%"
"1488","2.172 percent"
"1489","2.18"
"1490","2.18 percent"
"1491","2.19"
"1492","2.19 percent"
"1493","2.19%"
"1494","2.2"
"1495","2.2 percent"
"1496","2.2 percentage points"
"1497","2.20 percent"
"1498","2.20%"
"1499","2.21"
"1500","2.21%"
"1501","2.22"
"1502","2.229 percent"
"1503","2.23"
"1504","2.23 percent"
"1505","2.23%"
"1506","2.24"
"1507","2.24 percent"
"1508","2.240 percent"
"1509","2.242"
"1510","2.25"
"1511","2.25 percent"
"1512","2.26"
"1513","2.27"
"1514","2.27 percent"
"1515","2.277 percent"
"1516","2.28"
"1517","2.28 percent"
"1518","2.28%"
"1519","2.285 percent"
"1520","2.29"
"1521","2.29%"
"1522","2.292"
"1523","2.292 percent"
"1524","2.3"
"1525","2.3 percent"
"1526","2.30 percent"
"1527","2.300 percent"
"1528","2.31"
"1529","2.31 percent"
"1530","2.32"
"1531","2.33"
"1532","2.33 percent"
"1533","2.34"
"1534","2.34 percent"
"1535","2.34%"
"1536","2.344 percent"
"1537","2.349 percent"
"1538","2.35"
"1539","2.35 percent"
"1540","2.35%"
"1541","2.36"
"1542","2.37"
"1543","2.37 percent"
"1544","2.372 percent"
"1545","2.375 percent"
"1546","2.377 percent"
"1547","2.38"
"1548","2.39"
"1549","2.39%"
"1550","2.4"
"1551","2.4 percent"
"1552","2.40 percent"
"1553","2.40%"
"1554","2.41"
"1555","2.41 percent"
"1556","2.41%"
"1557","2.413 percent"
"1558","2.422 percent"
"1559","2.424 percent"
"1560","2.43"
"1561","2.43 percent"
"1562","2.433 percent"
"1563","2.44"
"1564","2.44 percent"
"1565","2.4412 percent"
"1566","2.45"
"1567","2.45 percent"
"1568","2.45%"
"1569","2.46"
"1570","2.462 percent"
"1571","2.467 percent"
"1572","2.47"
"1573","2.47%"
"1574","2.475 percent"
"1575","2.478 percent"
"1576","2.48"
"1577","2.48 percent"
"1578","2.48%"
"1579","2.49"
"1580","2.49%"
"1581","2.5"
"1582","2.5 percent"
"1583","2.50 percent"
"1584","2.50%"
"1585","2.503 percent"
"1586","2.505 percent"
"1587","2.507 percent"
"1588","2.51"
"1589","2.51 percent"
"1590","2.516 percent"
"1591","2.52"
"1592","2.52 percent"
"1593","2.52%"
"1594","2.525 percent"
"1595","2.53"
"1596","2.53 percent"
"1597","2.53%"
"1598","2.531 percent"
"1599","2.54"
"1600","2.54 percent"
"1601","2.54%"
"1602","2.55"
"1603","2.55 percent"
"1604","2.55%"
"1605","2.56"
"1606","2.56%"
"1607","2.57"
"1608","2.57 percent"
"1609","2.58"
"1610","2.58 percent"
"1611","2.59"
"1612","2.59 percent"
"1613","2.59%"
"1614","2.597 percent"
"1615","2.6"
"1616","2.6 percent"
"1617","2.60 percent"
"1618","2.60%"
"1619","2.61"
"1620","2.61%"
"1621","2.6131 percent"
"1622","2.614 percent"
"1623","2.618"
"1624","2.62"
"1625","2.62%"
"1626","2.63"
"1627","2.63%"
"1628","2.64"
"1629","2.64 percent"
"1630","2.64%"
"1631","2.641 percent"
"1632","2.648 percent"
"1633","2.65"
"1634","2.65 percent"
"1635","2.65%"
"1636","2.66"
"1637","2.66 percent"
"1638","2.66%"
"1639","2.67"
"1640","2.67 percent"
"1641","2.67%"
"1642","2.69"
"1643","2.69 percent"
"1644","2.69%"
"1645","2.7"
"1646","2.7 percent"
"1647","2.7Â percent"
"1648","2.70 percent"
"1649","2.70%"
"1650","2.701"
"1651","2.71"
"1652","2.71 percent"
"1653","2.717 percent"
"1654","2.72 percent"
"1655","2.72%"
"1656","2.724 percent"
"1657","2.73"
"1658","2.73 percent"
"1659","2.73%"
"1660","2.74"
"1661","2.74 percent"
"1662","2.74%"
"1663","2.75"
"1664","2.75 percent"
"1665","2.76"
"1666","2.76%"
"1667","2.77"
"1668","2.77 percent"
"1669","2.78"
"1670","2.78%"
"1671","2.79"
"1672","2.8"
"1673","2.8 percent"
"1674","2.8Â percent"
"1675","2.80 percent"
"1676","2.81"
"1677","2.82"
"1678","2.82 percent"
"1679","2.82%"
"1680","2.83"
"1681","2.83%"
"1682","2.84"
"1683","2.84 percent"
"1684","2.84%"
"1685","2.85"
"1686","2.85 percent"
"1687","2.85%"
"1688","2.86"
"1689","2.86 percent"
"1690","2.86%"
"1691","2.87"
"1692","2.87 percent"
"1693","2.87%"
"1694","2.875 percent"
"1695","2.88"
"1696","2.88 percent"
"1697","2.88%"
"1698","2.89"
"1699","2.89 percent"
"1700","2.89%"
"1701","2.9"
"1702","2.9 percent"
"1703","2.9 percentage"
"1704","2.90 percent"
"1705","2.92"
"1706","2.92 percent"
"1707","2.93"
"1708","2.93 percent"
"1709","2.94"
"1710","2.94%"
"1711","2.946"
"1712","2.95"
"1713","2.95 percent"
"1714","2.96"
"1715","2.96%"
"1716","2.97"
"1717","2.99"
"1718","2.99 percent"
"1719","2%"
"1720","20"
"1721","20 percent"
"1722","20 percentage"
"1723","20-25 percent"
"1724","20-25%"
"1725","20-30 percent"
"1726","20-30%"
"1727","20-50 percent"
"1728","20â€“25%"
"1729","20.0 percent"
"1730","20.00%"
"1731","20.06 percent"
"1732","20.1"
"1733","20.1 percent"
"1734","20.1%"
"1735","20.10%"
"1736","20.2"
"1737","20.2 percent"
"1738","20.2%"
"1739","20.20%"
"1740","20.3"
"1741","20.3 percent"
"1742","20.4"
"1743","20.4 percent"
"1744","20.4%"
"1745","20.40%"
"1746","20.5"
"1747","20.5 percent"
"1748","20.5%"
"1749","20.6"
"1750","20.6 percent"
"1751","20.6%"
"1752","20.60%"
"1753","20.7"
"1754","20.7 percent"
"1755","20.7%"
"1756","20.70%"
"1757","20.79"
"1758","20.8"
"1759","20.8 percent"
"1760","20.8%"
"1761","20.80%"
"1762","20.9"
"1763","20.9 percent"
"1764","20.90%"
"1765","20.97 percent"
"1766","20.98 percent"
"1767","20%"
"1768","200"
"1769","200 percent"
"1770","200-300 percent"
"1771","200%"
"1772","201 percent"
"1773","2013 percent"
"1774","202%"
"1775","203%"
"1776","204"
"1777","204 percent"
"1778","204%"
"1779","205 percent"
"1780","206%"
"1781","207"
"1782","207%"
"1783","208"
"1784","208%"
"1785","21"
"1786","21 percent"
"1787","21.0 percent"
"1788","21.0%"
"1789","21.00%"
"1790","21.01"
"1791","21.1"
"1792","21.1 percent"
"1793","21.10%"
"1794","21.13 percent"
"1795","21.15 percent"
"1796","21.2"
"1797","21.2 percent"
"1798","21.2%"
"1799","21.20%"
"1800","21.25"
"1801","21.3"
"1802","21.3 percent"
"1803","21.30%"
"1804","21.36 percent"
"1805","21.4"
"1806","21.4 percent"
"1807","21.4%"
"1808","21.40%"
"1809","21.5"
"1810","21.5 percent"
"1811","21.5%"
"1812","21.50%"
"1813","21.59"
"1814","21.6"
"1815","21.6 percent"
"1816","21.60%"
"1817","21.64"
"1818","21.7"
"1819","21.7 percent"
"1820","21.70%"
"1821","21.8"
"1822","21.8 percent"
"1823","21.80%"
"1824","21.82 percent"
"1825","21.875"
"1826","21.9"
"1827","21.9 percent"
"1828","21%"
"1829","210"
"1830","210%"
"1831","212%"
"1832","213"
"1833","213 percent"
"1834","213%"
"1835","214%"
"1836","215 percent"
"1837","217"
"1838","219 percent"
"1839","22"
"1840","22 percent"
"1841","22.0 percent"
"1842","22.00%"
"1843","22.1"
"1844","22.1 percent"
"1845","22.1%"
"1846","22.10%"
"1847","22.2"
"1848","22.2 percent"
"1849","22.2%"
"1850","22.20%"
"1851","22.3"
"1852","22.3 percent"
"1853","22.3%"
"1854","22.4"
"1855","22.4 percent"
"1856","22.4%"
"1857","22.40%"
"1858","22.5"
"1859","22.5 percent"
"1860","22.5%"
"1861","22.50%"
"1862","22.6"
"1863","22.6 percent"
"1864","22.6%"
"1865","22.60%"
"1866","22.61%"
"1867","22.62"
"1868","22.7"
"1869","22.7 percent"
"1870","22.7%"
"1871","22.70%"
"1872","22.8"
"1873","22.8 percent"
"1874","22.8%"
"1875","22.80%"
"1876","22.81 percent"
"1877","22.9 percent"
"1878","22%"
"1879","220 percent"
"1880","220%"
"1881","224.4"
"1882","224.40%"
"1883","224.5"
"1884","225-23%"
"1885","226 percent"
"1886","227"
"1887","227%"
"1888","23"
"1889","23 percent"
"1890","23-29 percent"
"1891","23.0 percent"
"1892","23.00%"
"1893","23.04"
"1894","23.1"
"1895","23.1%"
"1896","23.10%"
"1897","23.2"
"1898","23.2 percent"
"1899","23.20%"
"1900","23.22%"
"1901","23.3"
"1902","23.3 percent"
"1903","23.30%"
"1904","23.4"
"1905","23.4 percent"
"1906","23.4%"
"1907","23.40%"
"1908","23.5"
"1909","23.5 percent"
"1910","23.50%"
"1911","23.6"
"1912","23.6 percent"
"1913","23.6%"
"1914","23.60%"
"1915","23.7"
"1916","23.7 percent"
"1917","23.70%"
"1918","23.8"
"1919","23.8 percent"
"1920","23.8%"
"1921","23.80%"
"1922","23.9 percent"
"1923","23.90%"
"1924","23%"
"1925","230"
"1926","230 percent"
"1927","230%"
"1928","2300%"
"1929","231%"
"1930","232%"
"1931","236.2 percent"
"1932","238"
"1933","238%"
"1934","239%"
"1935","24"
"1936","24 percent"
"1937","24.00%"
"1938","24.041"
"1939","24.1"
"1940","24.1 percent"
"1941","24.10%"
"1942","24.2"
"1943","24.2 percent"
"1944","24.2%"
"1945","24.20%"
"1946","24.3"
"1947","24.3 percent"
"1948","24.4"
"1949","24.4 percent"
"1950","24.4%"
"1951","24.40%"
"1952","24.5"
"1953","24.5 percent"
"1954","24.5%"
"1955","24.50%"
"1956","24.6"
"1957","24.6 percent"
"1958","24.6%"
"1959","24.7"
"1960","24.7 percent"
"1961","24.72 percent"
"1962","24.8"
"1963","24.8 percent"
"1964","24.80%"
"1965","24.83 percent"
"1966","24.84 percent"
"1967","24.9"
"1968","24.9 percent"
"1969","24%"
"1970","240"
"1971","240 percent"
"1972","240%"
"1973","24000%"
"1974","242"
"1975","245"
"1976","245 percent"
"1977","245%"
"1978","248 percent"
"1979","248%"
"1980","249.3"
"1981","249.4"
"1982","25"
"1983","25 percent"
"1984","25Â percent"
"1985","25-30 percent"
"1986","25,000%"
"1987","25.00%"
"1988","25.07 percent"
"1989","25.1"
"1990","25.1%"
"1991","25.10%"
"1992","25.2 percent"
"1993","25.20%"
"1994","25.3"
"1995","25.3 percent"
"1996","25.30%"
"1997","25.4"
"1998","25.4 percent"
"1999","25.4%"
"2000","25.40%"
"2001","25.5"
"2002","25.5 percent"
"2003","25.5%"
"2004","25.50%"
"2005","25.59"
"2006","25.59%"
"2007","25.6"
"2008","25.6 percent"
"2009","25.6%"
"2010","25.60%"
"2011","25.7"
"2012","25.7 percent"
"2013","25.7%"
"2014","25.70%"
"2015","25.73 percent"
"2016","25.8 percent"
"2017","25.9"
"2018","25.9 percent"
"2019","25.90%"
"2020","25%"
"2021","250"
"2022","250 percent"
"2023","250%"
"2024","25000%"
"2025","251%"
"2026","257%"
"2027","258 percent"
"2028","26"
"2029","26 percent"
"2030","26-32 percent"
"2031","26.0 percent"
"2032","26.03"
"2033","26.1"
"2034","26.1 percent"
"2035","26.2"
"2036","26.2 percent"
"2037","26.2%"
"2038","26.20%"
"2039","26.23 percent"
"2040","26.29 percent"
"2041","26.3 percent"
"2042","26.33 percent"
"2043","26.4"
"2044","26.4 percent"
"2045","26.40%"
"2046","26.5"
"2047","26.5 percent"
"2048","26.5%"
"2049","26.50%"
"2050","26.6"
"2051","26.6 percent"
"2052","26.6%"
"2053","26.60%"
"2054","26.7"
"2055","26.7 percent"
"2056","26.7%"
"2057","26.70%"
"2058","26.8"
"2059","26.8%"
"2060","26.80%"
"2061","26.9"
"2062","26.9 percent"
"2063","26.9%"
"2064","26.90%"
"2065","26%"
"2066","260"
"2067","260 percent"
"2068","260%"
"2069","27"
"2070","27 percent"
"2071","27.0 percent"
"2072","27.1"
"2073","27.1 percent"
"2074","27.2"
"2075","27.2 percent"
"2076","27.2%"
"2077","27.20%"
"2078","27.3"
"2079","27.3 percent"
"2080","27.4"
"2081","27.4 percent"
"2082","27.5"
"2083","27.5 percent"
"2084","27.5%"
"2085","27.6"
"2086","27.6 percent"
"2087","27.6%"
"2088","27.60%"
"2089","27.7"
"2090","27.7 percent"
"2091","27.7%"
"2092","27.70%"
"2093","27.8"
"2094","27.8 percent"
"2095","27.9"
"2096","27.9%"
"2097","27.90%"
"2098","27%"
"2099","270"
"2100","270 percent"
"2101","270%"
"2102","2700"
"2103","2700%"
"2104","271%"
"2105","274%"
"2106","275 percent"
"2107","275%"
"2108","278%"
"2109","28"
"2110","28 percent"
"2111","28.00%"
"2112","28.1"
"2113","28.1 percent"
"2114","28.10%"
"2115","28.125"
"2116","28.2"
"2117","28.2 percent"
"2118","28.29"
"2119","28.3"
"2120","28.3 percent"
"2121","28.3%"
"2122","28.37"
"2123","28.4"
"2124","28.4 percent"
"2125","28.4%"
"2126","28.40%"
"2127","28.5"
"2128","28.5 percent"
"2129","28.6"
"2130","28.6 percent"
"2131","28.7"
"2132","28.7 percent"
"2133","28.7%"
"2134","28.75"
"2135","28.8"
"2136","28.8 percent"
"2137","28.8%"
"2138","28.85"
"2139","28.9"
"2140","28.9 percent"
"2141","28.90%"
"2142","28.95"
"2143","28%"
"2144","282"
"2145","284.00%"
"2146","285%"
"2147","286"
"2148","286.8"
"2149","29"
"2150","29 percent"
"2151","29 percentage"
"2152","29.00%"
"2153","29.03 percent"
"2154","29.1"
"2155","29.1 percent"
"2156","29.1%"
"2157","29.10%"
"2158","29.2"
"2159","29.2 percent"
"2160","29.3"
"2161","29.3 percent"
"2162","29.3%"
"2163","29.30%"
"2164","29.4"
"2165","29.40%"
"2166","29.5"
"2167","29.5 percent"
"2168","29.5%"
"2169","29.50%"
"2170","29.6"
"2171","29.6 percent"
"2172","29.6%"
"2173","29.60%"
"2174","29.7"
"2175","29.7 percent"
"2176","29.8"
"2177","29.8 percent"
"2178","29.80%"
"2179","29.9"
"2180","29.90%"
"2181","29.99 percent"
"2182","29%"
"2183","291.1"
"2184","294"
"2185","294%"
"2186","296%"
"2187","3"
"2188","3 percent"
"2189","3-4 percent"
"2190","3-4%"
"2191","3-5 percent"
"2192","3-5%"
"2193","3,000 percent"
"2194","3,641 percent"
"2195","3.0 percent"
"2196","3.01"
"2197","3.02"
"2198","3.03"
"2199","3.03 percent"
"2200","3.04 percent"
"2201","3.06"
"2202","3.1"
"2203","3.1 percent"
"2204","3.11 percent"
"2205","3.12 percent"
"2206","3.14"
"2207","3.14 percent"
"2208","3.15"
"2209","3.16"
"2210","3.16 percent"
"2211","3.16%"
"2212","3.17 percent"
"2213","3.18"
"2214","3.2"
"2215","3.2 percent"
"2216","3.20%"
"2217","3.21 percent"
"2218","3.22 percent"
"2219","3.23"
"2220","3.24 percent"
"2221","3.249 percent"
"2222","3.25"
"2223","3.25 percent"
"2224","3.25%"
"2225","3.26"
"2226","3.262 percent"
"2227","3.264 percent"
"2228","3.276 percent"
"2229","3.28"
"2230","3.3"
"2231","3.3 percent"
"2232","3.30%"
"2233","3.31"
"2234","3.32%"
"2235","3.324"
"2236","3.33"
"2237","3.33 percent"
"2238","3.337"
"2239","3.34"
"2240","3.34 percent"
"2241","3.35"
"2242","3.35 percent"
"2243","3.355"
"2244","3.36"
"2245","3.37"
"2246","3.37 percent"
"2247","3.38 percent"
"2248","3.39"
"2249","3.4"
"2250","3.4 percent"
"2251","3.41"
"2252","3.41 percent"
"2253","3.43"
"2254","3.45"
"2255","3.46"
"2256","3.46 percent"
"2257","3.461"
"2258","3.48"
"2259","3.48 percent"
"2260","3.49 percent"
"2261","3.5"
"2262","3.5 percent"
"2263","3.50 percent"
"2264","3.504"
"2265","3.51"
"2266","3.52"
"2267","3.53"
"2268","3.53 percent"
"2269","3.54"
"2270","3.56"
"2271","3.56 percent"
"2272","3.56%"
"2273","3.57"
"2274","3.57 percent"
"2275","3.58"
"2276","3.58 percent"
"2277","3.59"
"2278","3.59 percent"
"2279","3.6"
"2280","3.6 percent"
"2281","3.60%"
"2282","3.61"
"2283","3.61 percent"
"2284","3.612 percent"
"2285","3.62"
"2286","3.62 percent"
"2287","3.64"
"2288","3.64 percent"
"2289","3.65"
"2290","3.65 percent"
"2291","3.66 percent"
"2292","3.67"
"2293","3.69 percent"
"2294","3.7"
"2295","3.7 percent"
"2296","3.70%"
"2297","3.71"
"2298","3.71 percent"
"2299","3.72"
"2300","3.73"
"2301","3.74 percent"
"2302","3.75"
"2303","3.75 percent"
"2304","3.75%"
"2305","3.76"
"2306","3.77"
"2307","3.77 percent"
"2308","3.78 percent"
"2309","3.8"
"2310","3.8 percent"
"2311","3.8Â percent"
"2312","3.80%"
"2313","3.82 percent"
"2314","3.84 percent"
"2315","3.85"
"2316","3.85 percent"
"2317","3.87 percent"
"2318","3.876"
"2319","3.88%"
"2320","3.89"
"2321","3.89 percent"
"2322","3.9"
"2323","3.9 percent"
"2324","3.9Â percent"
"2325","3.91"
"2326","3.91 percent"
"2327","3.93 percent"
"2328","3.94"
"2329","3.95 percent"
"2330","3.96 percent"
"2331","3.99"
"2332","3/4 percent"
"2333","3/8 percent"
"2334","3%"
"2335","30"
"2336","30 percent"
"2337","30-35 percent"
"2338","30-40 percent"
"2339","30-40%"
"2340","30-50 percent"
"2341","30-50%"
"2342","30-60 percent"
"2343","30.0%"
"2344","30.00%"
"2345","30.05"
"2346","30.1"
"2347","30.1 percent"
"2348","30.10%"
"2349","30.2"
"2350","30.2 percent"
"2351","30.20%"
"2352","30.3"
"2353","30.3 percent"
"2354","30.3%"
"2355","30.4"
"2356","30.4 percent"
"2357","30.5"
"2358","30.5 percent"
"2359","30.50%"
"2360","30.55"
"2361","30.6"
"2362","30.6 percent"
"2363","30.60%"
"2364","30.7"
"2365","30.7 percent"
"2366","30.8"
"2367","30.8%"
"2368","30.80%"
"2369","30.9"
"2370","30.9 percent"
"2371","30%"
"2372","300"
"2373","300 percent"
"2374","300%"
"2375","3000"
"2376","3000%"
"2377","305"
"2378","305%"
"2379","31"
"2380","31 percent"
"2381","31.1 percent"
"2382","31.2"
"2383","31.2 percent"
"2384","31.20%"
"2385","31.3"
"2386","31.3 percent"
"2387","31.34"
"2388","31.4"
"2389","31.4 percent"
"2390","31.40%"
"2391","31.5"
"2392","31.5 percent"
"2393","31.5%"
"2394","31.50%"
"2395","31.6"
"2396","31.6 percent"
"2397","31.6%"
"2398","31.60%"
"2399","31.7"
"2400","31.7 percent"
"2401","31.70%"
"2402","31.8"
"2403","31.8 percent"
"2404","31.80%"
"2405","31.97 percent"
"2406","31%"
"2407","310 percent"
"2408","312"
"2409","312%"
"2410","314"
"2411","315.00%"
"2412","319 percent"
"2413","32"
"2414","32 percent"
"2415","32Â percent"
"2416","32.0 percent"
"2417","32.1"
"2418","32.10%"
"2419","32.2"
"2420","32.2 percent"
"2421","32.20%"
"2422","32.3"
"2423","32.3 percent"
"2424","32.30%"
"2425","32.4"
"2426","32.4 percent"
"2427","32.4%"
"2428","32.40%"
"2429","32.5"
"2430","32.5 percent"
"2431","32.6"
"2432","32.6 percent"
"2433","32.6%"
"2434","32.7"
"2435","32.7 percent"
"2436","32.8"
"2437","32.8 percent"
"2438","32.9"
"2439","32.9 percent"
"2440","32.93"
"2441","32%"
"2442","320"
"2443","320%"
"2444","326 percent"
"2445","328"
"2446","328 percent"
"2447","328%"
"2448","329 percent"
"2449","329%"
"2450","33"
"2451","33 percent"
"2452","33.0 percent"
"2453","33.0%"
"2454","33.00%"
"2455","33.1"
"2456","33.1 percent"
"2457","33.1%"
"2458","33.10%"
"2459","33.2"
"2460","33.2 percent"
"2461","33.20%"
"2462","33.3"
"2463","33.3 percent"
"2464","33.33"
"2465","33.4"
"2466","33.5"
"2467","33.5 percent"
"2468","33.6"
"2469","33.6 percent"
"2470","33.60%"
"2471","33.7"
"2472","33.7 percent"
"2473","33.8"
"2474","33.8 percent"
"2475","33.80%"
"2476","33.9"
"2477","33%"
"2478","330%"
"2479","332"
"2480","332 percent"
"2481","332%"
"2482","334%"
"2483","339%"
"2484","34"
"2485","34 percent"
"2486","34-36 percent"
"2487","34.0 percent"
"2488","34.00%"
"2489","34.1"
"2490","34.1 percent"
"2491","34.2"
"2492","34.2 percent"
"2493","34.20%"
"2494","34.3"
"2495","34.3 percent"
"2496","34.30%"
"2497","34.4"
"2498","34.4 percent"
"2499","34.5 percent"
"2500","34.50%"
"2501","34.6"
"2502","34.6 percent"
"2503","34.6%"
"2504","34.60%"
"2505","34.7"
"2506","34.7 percent"
"2507","34.70%"
"2508","34.8"
"2509","34.8 percent"
"2510","34.80%"
"2511","34.9"
"2512","34.9 percent"
"2513","34.9%"
"2514","34.90%"
"2515","34%"
"2516","340 percent"
"2517","340%"
"2518","343 percent"
"2519","343.74"
"2520","346 percent"
"2521","347"
"2522","35"
"2523","35 percent"
"2524","35-37 percent"
"2525","35-40 percent"
"2526","35.1 percent"
"2527","35.10%"
"2528","35.2"
"2529","35.2 percent"
"2530","35.3"
"2531","35.3 percent"
"2532","35.4"
"2533","35.4 percent"
"2534","35.4%"
"2535","35.5"
"2536","35.5 percent"
"2537","35.5%"
"2538","35.50%"
"2539","35.6 percent"
"2540","35.8"
"2541","35.8 percent"
"2542","35.9"
"2543","35%"
"2544","350"
"2545","350%"
"2546","358"
"2547","358%"
"2548","36"
"2549","36 percent"
"2550","36.0 percent"
"2551","36.1"
"2552","36.1 percent"
"2553","36.12"
"2554","36.2"
"2555","36.2 percent"
"2556","36.3 percent"
"2557","36.4"
"2558","36.4 percent"
"2559","36.43 percent"
"2560","36.5"
"2561","36.5 percent"
"2562","36.5%"
"2563","36.50%"
"2564","36.6"
"2565","36.6 percent"
"2566","36.67"
"2567","36.7"
"2568","36.7 percent"
"2569","36.74"
"2570","36.8"
"2571","36.8 percent"
"2572","36.9"
"2573","36.9 percent"
"2574","36.97 percent"
"2575","36%"
"2576","360%"
"2577","361%"
"2578","362"
"2579","362.2"
"2580","362%"
"2581","364 percent"
"2582","37"
"2583","37 percent"
"2584","37.0 percent"
"2585","37.1"
"2586","37.1 percent"
"2587","37.10%"
"2588","37.2"
"2589","37.2 percent"
"2590","37.20%"
"2591","37.4"
"2592","37.40%"
"2593","37.5"
"2594","37.50%"
"2595","37.59 percent"
"2596","37.6"
"2597","37.6 percent"
"2598","37.7"
"2599","37.7 percent"
"2600","37.70%"
"2601","37.8"
"2602","37.8 percent"
"2603","37.80%"
"2604","37.9"
"2605","37.9 percent"
"2606","37%"
"2607","370 percent"
"2608","373"
"2609","373%"
"2610","376"
"2611","376%"
"2612","377"
"2613","38"
"2614","38 percent"
"2615","38.1"
"2616","38.1 percent"
"2617","38.2"
"2618","38.2 percent"
"2619","38.2%"
"2620","38.3"
"2621","38.3 percent"
"2622","38.30%"
"2623","38.4"
"2624","38.40%"
"2625","38.5"
"2626","38.5 percent"
"2627","38.5%"
"2628","38.50%"
"2629","38.6"
"2630","38.6 percent"
"2631","38.7"
"2632","38.7 percent"
"2633","38.70%"
"2634","38.8 percent"
"2635","38%"
"2636","385"
"2637","385%"
"2638","387"
"2639","387%"
"2640","39"
"2641","39 percent"
"2642","39.00%"
"2643","39.1 percent"
"2644","39.2"
"2645","39.2 percent"
"2646","39.20%"
"2647","39.29"
"2648","39.31"
"2649","39.31%"
"2650","39.4"
"2651","39.4 percent"
"2652","39.5"
"2653","39.5 percent"
"2654","39.50%"
"2655","39.6"
"2656","39.6 percent"
"2657","39.60%"
"2658","39.7"
"2659","39.70%"
"2660","39.8 percent"
"2661","39.8%"
"2662","39.80%"
"2663","39.9"
"2664","39.90%"
"2665","39%"
"2666","390 percent"
"2667","396"
"2668","398%"
"2669","4"
"2670","4 percent"
"2671","4-12 percent"
"2672","4-5 percent"
"2673","4-5%"
"2674","4,100 percent"
"2675","4.0 percent"
"2676","4.00 percent"
"2677","4.00E-04"
"2678","4.01"
"2679","4.01 percent"
"2680","4.02 percent"
"2681","4.03"
"2682","4.05"
"2683","4.06 percent"
"2684","4.07"
"2685","4.08 percent"
"2686","4.09"
"2687","4.1"
"2688","4.1 percent"
"2689","4.10 percent"
"2690","4.10%"
"2691","4.11 percent"
"2692","4.12"
"2693","4.125"
"2694","4.13"
"2695","4.13 percent"
"2696","4.15"
"2697","4.15 percent"
"2698","4.16"
"2699","4.169 percent"
"2700","4.17 percent"
"2701","4.18"
"2702","4.19 percent"
"2703","4.2"
"2704","4.2 percent"
"2705","4.20 percent"
"2706","4.21"
"2707","4.216"
"2708","4.22"
"2709","4.24"
"2710","4.25"
"2711","4.25 percent"
"2712","4.25%"
"2713","4.26 percent"
"2714","4.27 percent"
"2715","4.28"
"2716","4.28 percent"
"2717","4.29"
"2718","4.29 percent"
"2719","4.29%"
"2720","4.3"
"2721","4.3 percent"
"2722","4.30%"
"2723","4.31"
"2724","4.31 percent"
"2725","4.32"
"2726","4.32 percent"
"2727","4.33"
"2728","4.33 percent"
"2729","4.34 percent"
"2730","4.348"
"2731","4.35"
"2732","4.35 percent"
"2733","4.35%"
"2734","4.36"
"2735","4.36 percent"
"2736","4.37"
"2737","4.375"
"2738","4.38%"
"2739","4.39"
"2740","4.4"
"2741","4.4 percent"
"2742","4.41"
"2743","4.42"
"2744","4.42 percent"
"2745","4.43"
"2746","4.44 percent"
"2747","4.46"
"2748","4.46 percent"
"2749","4.46%"
"2750","4.47 percent"
"2751","4.47%"
"2752","4.471"
"2753","4.49"
"2754","4.49 percent"
"2755","4.49%"
"2756","4.5"
"2757","4.5 percent"
"2758","4.50 percent"
"2759","4.51"
"2760","4.52 percent"
"2761","4.53"
"2762","4.53 percent"
"2763","4.54"
"2764","4.54 percent"
"2765","4.55"
"2766","4.56 percent"
"2767","4.57"
"2768","4.57 percent"
"2769","4.58"
"2770","4.58 percent"
"2771","4.58%"
"2772","4.6"
"2773","4.6 percent"
"2774","4.60%"
"2775","4.625"
"2776","4.63 percent"
"2777","4.64 percent"
"2778","4.65"
"2779","4.65 percent"
"2780","4.66"
"2781","4.7"
"2782","4.7 percent"
"2783","4.7 percentage"
"2784","4.70%"
"2785","4.71"
"2786","4.71 percent"
"2787","4.73"
"2788","4.73 percent"
"2789","4.73%"
"2790","4.74"
"2791","4.74 percent"
"2792","4.75"
"2793","4.75 percent"
"2794","4.75%"
"2795","4.76"
"2796","4.76 percent"
"2797","4.78 percent"
"2798","4.79 percent"
"2799","4.8"
"2800","4.8 percent"
"2801","4.80 percent"
"2802","4.81 percent"
"2803","4.82 percent"
"2804","4.83 percent"
"2805","4.84"
"2806","4.85"
"2807","4.87 percent"
"2808","4.88 percent"
"2809","4.89"
"2810","4.89 percent"
"2811","4.9"
"2812","4.9 percent"
"2813","4.90%"
"2814","4.95"
"2815","4.95 percent"
"2816","4.96 percent"
"2817","4.98 percent"
"2818","4%"
"2819","40"
"2820","40 percent"
"2821","40-50 percent"
"2822","40-60 percent"
"2823","40-70 percent"
"2824","40.00%"
"2825","40.1 percent"
"2826","40.2"
"2827","40.2 percent"
"2828","40.3"
"2829","40.3 percent"
"2830","40.30%"
"2831","40.4 percent"
"2832","40.5 percent"
"2833","40.53 percent"
"2834","40.7 percent"
"2835","40.8 percent"
"2836","40%"
"2837","400"
"2838","400 percent"
"2839","400%"
"2840","4000 percent"
"2841","41"
"2842","41 percent"
"2843","41.00%"
"2844","41.1"
"2845","41.1 percent"
"2846","41.10%"
"2847","41.15"
"2848","41.2"
"2849","41.2 percent"
"2850","41.20%"
"2851","41.3"
"2852","41.4"
"2853","41.40%"
"2854","41.5"
"2855","41.5 percent"
"2856","41.50%"
"2857","41.54 percent"
"2858","41.56 percent"
"2859","41.6"
"2860","41.6 percent"
"2861","41.60%"
"2862","41.7"
"2863","41.78 percent"
"2864","41.8 percent"
"2865","41.9"
"2866","41.9 percent"
"2867","41%"
"2868","414"
"2869","414%"
"2870","417"
"2871","42"
"2872","42 percent"
"2873","42.00%"
"2874","42.1"
"2875","42.2"
"2876","42.2 percent"
"2877","42.3 percent"
"2878","42.4"
"2879","42.4 percent"
"2880","42.40%"
"2881","42.5"
"2882","42.5 percent"
"2883","42.6 percent"
"2884","42.7 percent"
"2885","42.8 percent"
"2886","42.9"
"2887","42%"
"2888","4200%"
"2889","423"
"2890","423%"
"2891","425 percent"
"2892","43"
"2893","43 percent"
"2894","43.0%"
"2895","43.00%"
"2896","43.03"
"2897","43.2 percent"
"2898","43.3 percent"
"2899","43.4 percent"
"2900","43.5 percent"
"2901","43.6"
"2902","43.6 percent"
"2903","43.7"
"2904","43.7 percent"
"2905","43.70%"
"2906","43.9"
"2907","43.90%"
"2908","43%"
"2909","433%"
"2910","434"
"2911","434%"
"2912","436%"
"2913","44"
"2914","44 percent"
"2915","44.1"
"2916","44.2"
"2917","44.20%"
"2918","44.3"
"2919","44.4"
"2920","44.4 percent"
"2921","44.40%"
"2922","44.7"
"2923","44.7 percent"
"2924","44.70%"
"2925","44.8"
"2926","44.8 percent"
"2927","44.8%"
"2928","44.9 percent"
"2929","44%"
"2930","440"
"2931","440 percent"
"2932","440%"
"2933","441"
"2934","441%"
"2935","442"
"2936","443%"
"2937","45"
"2938","45 percent"
"2939","45.00%"
"2940","45.1"
"2941","45.10%"
"2942","45.2"
"2943","45.4"
"2944","45.40%"
"2945","45.54"
"2946","45.6"
"2947","45.6 percent"
"2948","45.7"
"2949","45.7 percent"
"2950","45.70%"
"2951","45.8"
"2952","45.84 percent"
"2953","45.90%"
"2954","45%"
"2955","450 percent"
"2956","450%"
"2957","453%"
"2958","457"
"2959","457 percent"
"2960","457%"
"2961","46"
"2962","46 percent"
"2963","46.00%"
"2964","46.1"
"2965","46.1 percent"
"2966","46.10%"
"2967","46.2"
"2968","46.2 percent"
"2969","46.3 percent"
"2970","46.4"
"2971","46.4 percent"
"2972","46.5 percent"
"2973","46.50%"
"2974","46.59"
"2975","46.6"
"2976","46.8"
"2977","46.80%"
"2978","46.9"
"2979","46.9 percent"
"2980","46%"
"2981","460%"
"2982","462 percent"
"2983","463"
"2984","463%"
"2985","465%"
"2986","467 percent"
"2987","469"
"2988","47"
"2989","47 percent"
"2990","47.00%"
"2991","47.1"
"2992","47.1 percent"
"2993","47.2"
"2994","47.2 percent"
"2995","47.20%"
"2996","47.5"
"2997","47.5 percent"
"2998","47.56"
"2999","47.6"
"3000","47.60%"
"3001","47.7 percent"
"3002","47.70%"
"3003","47.80%"
"3004","47%"
"3005","470"
"3006","470%"
"3007","472"
"3008","472%"
"3009","477 percent"
"3010","48"
"3011","48 percent"
"3012","48.00%"
"3013","48.1 percent"
"3014","48.18"
"3015","48.2 percent"
"3016","48.3"
"3017","48.30%"
"3018","48.5 percent"
"3019","48.50%"
"3020","48.6 percent"
"3021","48.60%"
"3022","48.7 percent"
"3023","48.80%"
"3024","48%"
"3025","480"
"3026","480 percent"
"3027","480%"
"3028","485 percent"
"3029","49"
"3030","49 percent"
"3031","49.07"
"3032","49.1"
"3033","49.1 percent"
"3034","49.10%"
"3035","49.2"
"3036","49.20%"
"3037","49.3"
"3038","49.4"
"3039","49.4 percent"
"3040","49.5"
"3041","49.5 percent"
"3042","49.50%"
"3043","49.6"
"3044","49.6 percent"
"3045","49.60%"
"3046","49.7"
"3047","49.7 percent"
"3048","49.70%"
"3049","49.8 percent"
"3050","49.9"
"3051","49.9 percent"
"3052","49%"
"3053","5"
"3054","5 percent"
"3055","5-10 percent"
"3056","5-10%"
"3057","5-15 percent"
"3058","5-3 percent"
"3059","5-4%"
"3060","5-6 percent"
"3061","5-6%"
"3062","5-7 percent"
"3063","5-7%"
"3064","5â€“10%"
"3065","5,000 percent"
"3066","5,108 percent"
"3067","5.0 percent"
"3068","5.00%"
"3069","5.00E-04"
"3070","5.00E-05"
"3071","5.06"
"3072","5.07"
"3073","5.07%"
"3074","5.1"
"3075","5.1 percent"
"3076","5.10 percent"
"3077","5.10%"
"3078","5.14"
"3079","5.15"
"3080","5.15 percent"
"3081","5.16"
"3082","5.19 percent"
"3083","5.2"
"3084","5.2 percent"
"3085","5.20 percent"
"3086","5.20%"
"3087","5.22"
"3088","5.222 percent"
"3089","5.24"
"3090","5.25"
"3091","5.25 percent"
"3092","5.25%"
"3093","5.27 percent"
"3094","5.29 percent"
"3095","5.3"
"3096","5.3 percent"
"3097","5.30%"
"3098","5.33 percent"
"3099","5.38"
"3100","5.39"
"3101","5.39 percent"
"3102","5.4"
"3103","5.4 percent"
"3104","5.40%"
"3105","5.44"
"3106","5.44 percent"
"3107","5.46"
"3108","5.47"
"3109","5.48"
"3110","5.49 percent"
"3111","5.5"
"3112","5.5 percent"
"3113","5.50 percent"
"3114","5.52 percent"
"3115","5.55 percent"
"3116","5.56"
"3117","5.57 percent"
"3118","5.58"
"3119","5.58 percent"
"3120","5.6"
"3121","5.6 percent"
"3122","5.60 percent"
"3123","5.60%"
"3124","5.61"
"3125","5.63"
"3126","5.63 percent"
"3127","5.64 percent"
"3128","5.66"
"3129","5.66 percent"
"3130","5.67"
"3131","5.7"
"3132","5.7 percent"
"3133","5.7Â percent"
"3134","5.71 percent"
"3135","5.72"
"3136","5.73"
"3137","5.736"
"3138","5.74%"
"3139","5.75 percent"
"3140","5.76 percent"
"3141","5.79"
"3142","5.8"
"3143","5.8 percent"
"3144","5.84"
"3145","5.85"
"3146","5.89 percent"
"3147","5.9"
"3148","5.9 percent"
"3149","5.90%"
"3150","5.95"
"3151","5.97"
"3152","5.98"
"3153","5%"
"3154","50"
"3155","50 percent"
"3156","50-60 percent"
"3157","50-60%"
"3158","50-70 percent"
"3159","50-80 percent"
"3160","50.00%"
"3161","50.2 percent"
"3162","50.3"
"3163","50.3 percent"
"3164","50.30%"
"3165","50.4"
"3166","50.40%"
"3167","50.5 percent"
"3168","50.6"
"3169","50.6 percent"
"3170","50.66"
"3171","50.7"
"3172","50.7 percent"
"3173","50.8"
"3174","50.8 percent"
"3175","50.80%"
"3176","50.9"
"3177","50%"
"3178","500"
"3179","500 percent"
"3180","500%"
"3181","504%"
"3182","507 percent"
"3183","51"
"3184","51 percent"
"3185","51.1 percent"
"3186","51.2 percent"
"3187","51.3"
"3188","51.3 percent"
"3189","51.30%"
"3190","51.4 percent"
"3191","51.5 percent"
"3192","51.6 percent"
"3193","51.60%"
"3194","51.7"
"3195","51.7 percent"
"3196","51.8 percent"
"3197","51.9"
"3198","51.9 percent"
"3199","51.92"
"3200","51%"
"3201","510"
"3202","513 percent"
"3203","52"
"3204","52 percent"
"3205","52.0 percent"
"3206","52.1"
"3207","52.1 percent"
"3208","52.2 percent"
"3209","52.3 percent"
"3210","52.4 percent"
"3211","52.5 percent"
"3212","52.6"
"3213","52.6 percent"
"3214","52.7"
"3215","52.7 percent"
"3216","52.8 percent"
"3217","52.80%"
"3218","52.9 percent"
"3219","52.90%"
"3220","52%"
"3221","524%"
"3222","525.00%"
"3223","53"
"3224","53 percent"
"3225","53.1 percent"
"3226","53.2"
"3227","53.2 percent"
"3228","53.20%"
"3229","53.3"
"3230","53.3 percent"
"3231","53.4"
"3232","53.5"
"3233","53.5 percent"
"3234","53.50%"
"3235","53.7 percent"
"3236","53.8 percent"
"3237","53%"
"3238","537 percent"
"3239","54"
"3240","54 percent"
"3241","54.1 percent"
"3242","54.2 percent"
"3243","54.3"
"3244","54.4"
"3245","54.4 percent"
"3246","54.40%"
"3247","54.5"
"3248","54.5 percent"
"3249","54.6"
"3250","54.7 percent"
"3251","54.8"
"3252","54.8 percent"
"3253","54.9"
"3254","54%"
"3255","547%"
"3256","55"
"3257","55 percent"
"3258","55-45 percent"
"3259","55-60 percent"
"3260","55-60%"
"3261","55.0 percent"
"3262","55.1"
"3263","55.1 percent"
"3264","55.2"
"3265","55.2 percent"
"3266","55.3"
"3267","55.30%"
"3268","55.35 percent"
"3269","55.4"
"3270","55.4 percent"
"3271","55.5 percent"
"3272","55.6"
"3273","55.60%"
"3274","55.7"
"3275","55.7 percent"
"3276","55.70%"
"3277","55.8"
"3278","55.80%"
"3279","55.9"
"3280","55.9 percent"
"3281","55.90%"
"3282","55%"
"3283","550"
"3284","550%"
"3285","56"
"3286","56 percent"
"3287","56.1"
"3288","56.1 percent"
"3289","56.2"
"3290","56.2 percent"
"3291","56.2%"
"3292","56.20%"
"3293","56.25"
"3294","56.3"
"3295","56.30%"
"3296","56.4 percent"
"3297","56.5"
"3298","56.5 percent"
"3299","56.6"
"3300","56.6 percent"
"3301","56.6%"
"3302","56.60%"
"3303","56.7 percent"
"3304","56.80%"
"3305","56.9"
"3306","56.9 percent"
"3307","56%"
"3308","57"
"3309","57 percent"
"3310","57.1"
"3311","57.1 percent"
"3312","57.10%"
"3313","57.2"
"3314","57.2%"
"3315","57.20%"
"3316","57.3"
"3317","57.3 percent"
"3318","57.4"
"3319","57.40%"
"3320","57.5"
"3321","57.5 percent"
"3322","57.50%"
"3323","57.6"
"3324","57.7 percent"
"3325","57.8 percent"
"3326","57.9"
"3327","57.95"
"3328","57%"
"3329","570%"
"3330","571 percent"
"3331","579 percent"
"3332","579%"
"3333","58"
"3334","58 percent"
"3335","58.00%"
"3336","58.2"
"3337","58.20%"
"3338","58.3"
"3339","58.3 percent"
"3340","58.30%"
"3341","58.5"
"3342","58.5 percent"
"3343","58.6"
"3344","58.60%"
"3345","58.7 percent"
"3346","58.8"
"3347","58.8 percent"
"3348","58%"
"3349","59"
"3350","59 percent"
"3351","59.1 percent"
"3352","59.13 percent"
"3353","59.25"
"3354","59.3 percent"
"3355","59.4 percent"
"3356","59.50%"
"3357","59.6"
"3358","59.6 percent"
"3359","59.7"
"3360","59.7 percent"
"3361","59.8"
"3362","59.80%"
"3363","59%"
"3364","597%"
"3365","6"
"3366","6 percent"
"3367","6-1/2 percent"
"3368","6-7 percent"
"3369","6-7%"
"3370","6-8 percent"
"3371","6-8%"
"3372","6-9 percent"
"3373","6.0 percent"
"3374","6.00 percent"
"3375","6.00%"
"3376","6.01 percent"
"3377","6.03"
"3378","6.04"
"3379","6.04 percent"
"3380","6.05 percent"
"3381","6.09 percent"
"3382","6.1"
"3383","6.1 percent"
"3384","6.10%"
"3385","6.11"
"3386","6.11 percent"
"3387","6.12 percent"
"3388","6.16 percent"
"3389","6.19"
"3390","6.2"
"3391","6.2 percent"
"3392","6.20%"
"3393","6.22 percent"
"3394","6.24"
"3395","6.25"
"3396","6.25 percent"
"3397","6.27"
"3398","6.27 percent"
"3399","6.3"
"3400","6.3 percent"
"3401","6.30%"
"3402","6.32"
"3403","6.33 percent"
"3404","6.34"
"3405","6.35"
"3406","6.35 percent"
"3407","6.36"
"3408","6.37 percent"
"3409","6.38 percent"
"3410","6.4"
"3411","6.4 percent"
"3412","6.40%"
"3413","6.42"
"3414","6.42 percent"
"3415","6.44"
"3416","6.45 percent"
"3417","6.46 percent"
"3418","6.49"
"3419","6.5"
"3420","6.5 percent"
"3421","6.50 percent"
"3422","6.53"
"3423","6.56"
"3424","6.57"
"3425","6.59"
"3426","6.6"
"3427","6.6 percent"
"3428","6.60 percent"
"3429","6.60%"
"3430","6.62 percent"
"3431","6.64 percent"
"3432","6.66"
"3433","6.67"
"3434","6.68 percent"
"3435","6.7"
"3436","6.7 percent"
"3437","6.70 percent"
"3438","6.70%"
"3439","6.74 percent"
"3440","6.75"
"3441","6.75 percent"
"3442","6.75%"
"3443","6.8"
"3444","6.8 percent"
"3445","6.80%"
"3446","6.82"
"3447","6.82 percent"
"3448","6.83 percent"
"3449","6.84 percent"
"3450","6.87 percent"
"3451","6.88 percent"
"3452","6.89 percent"
"3453","6.9"
"3454","6.9 percent"
"3455","6.90 percent"
"3456","6.90%"
"3457","6.93 percent"
"3458","6.95 percent"
"3459","6.99 percent"
"3460","6%"
"3461","60"
"3462","60 percent"
"3463","60 percentage"
"3464","60-100 percent"
"3465","60-40 percent"
"3466","60-65 percent"
"3467","60-70 percent"
"3468","60-70%"
"3469","60-90 percent"
"3470","60.00%"
"3471","60.1"
"3472","60.3"
"3473","60.5"
"3474","60.5 percent"
"3475","60.50%"
"3476","60.6"
"3477","60.7"
"3478","60.70%"
"3479","60.71"
"3480","60.8"
"3481","60.8 percent"
"3482","60.82 percent"
"3483","60.9 percent"
"3484","60%"
"3485","600"
"3486","600 percent"
"3487","600%"
"3488","61"
"3489","61 percent"
"3490","61.1"
"3491","61.4"
"3492","61.4 percent"
"3493","61.5"
"3494","61.70%"
"3495","61.8"
"3496","61.8%"
"3497","61.9"
"3498","61.90%"
"3499","61/2%"
"3500","61%"
"3501","614 percent"
"3502","62"
"3503","62 percent"
"3504","62.00%"
"3505","62.1 percent"
"3506","62.3 percent"
"3507","62.4 percent"
"3508","62.5"
"3509","62.5 percent"
"3510","62.6"
"3511","62.7"
"3512","62.7%"
"3513","62.70%"
"3514","62.8"
"3515","62.8 percent"
"3516","62.80%"
"3517","62.9 percent"
"3518","62.9%"
"3519","62.90%"
"3520","62%"
"3521","626.70%"
"3522","63"
"3523","63 percent"
"3524","63Â percent"
"3525","63.0 percent"
"3526","63.0%"
"3527","63.00%"
"3528","63.1"
"3529","63.2"
"3530","63.2 percent"
"3531","63.2%"
"3532","63.20%"
"3533","63.3"
"3534","63.3 percent"
"3535","63.3%"
"3536","63.4"
"3537","63.4 percent"
"3538","63.4%"
"3539","63.40%"
"3540","63.5"
"3541","63.5 percent"
"3542","63.5%"
"3543","63.50%"
"3544","63.6"
"3545","63.6 percent"
"3546","63.6%"
"3547","63.7"
"3548","63.7 percent"
"3549","63.8"
"3550","63.8 percent"
"3551","63%"
"3552","631"
"3553","631%"
"3554","64"
"3555","64 percent"
"3556","64.1 percent"
"3557","64.2 percent"
"3558","64.29"
"3559","64.40%"
"3560","64.6"
"3561","64.60%"
"3562","64.7"
"3563","64.7 percent"
"3564","64.80%"
"3565","64.9"
"3566","64.90%"
"3567","64%"
"3568","647 percent"
"3569","65"
"3570","65 percent"
"3571","65.00%"
"3572","65.1 percent"
"3573","65.2"
"3574","65.2 percent"
"3575","65.20%"
"3576","65.4 percent"
"3577","65.49"
"3578","65.60%"
"3579","65%"
"3580","650"
"3581","650%"
"3582","653 percent"
"3583","655%"
"3584","66"
"3585","66 percent"
"3586","66.2"
"3587","66.20%"
"3588","66.4"
"3589","66.4 percent"
"3590","66.40 percent"
"3591","66.40%"
"3592","66.6"
"3593","66.7 percent"
"3594","66.8 percent"
"3595","66.9"
"3596","66.9 percent"
"3597","66%"
"3598","660"
"3599","660 percent"
"3600","67"
"3601","67 percent"
"3602","67.2 percent"
"3603","67.3"
"3604","67.3 percent"
"3605","67.5"
"3606","67.5 percent"
"3607","67.7"
"3608","67.70%"
"3609","67.9"
"3610","67%"
"3611","68"
"3612","68 percent"
"3613","68.0 percent"
"3614","68.00%"
"3615","68.2 percent"
"3616","68.4"
"3617","68.40%"
"3618","68.45"
"3619","68.5 percent"
"3620","68.6"
"3621","68.7"
"3622","68.70%"
"3623","68.9 percent"
"3624","68%"
"3625","688%"
"3626","69"
"3627","69 percent"
"3628","69.30%"
"3629","69.37 percent"
"3630","69.5"
"3631","69.5 percent"
"3632","69.5%"
"3633","69.9"
"3634","69.90%"
"3635","69%"
"3636","7"
"3637","7 percent"
"3638","7-8 percent"
"3639","7-8%"
"3640","7.0 percent"
"3641","7.00%"
"3642","7.04 percent"
"3643","7.06"
"3644","7.06 percent"
"3645","7.08 percent"
"3646","7.09"
"3647","7.1"
"3648","7.1 percent"
"3649","7.11 percent"
"3650","7.112"
"3651","7.13 percent"
"3652","7.14 percent"
"3653","7.15"
"3654","7.18"
"3655","7.19 percent"
"3656","7.2"
"3657","7.2 percent"
"3658","7.20 percent"
"3659","7.20%"
"3660","7.24"
"3661","7.25"
"3662","7.25 percent"
"3663","7.25%"
"3664","7.26 percent"
"3665","7.3"
"3666","7.3 percent"
"3667","7.34 percent"
"3668","7.37 percent"
"3669","7.4"
"3670","7.4 percent"
"3671","7.40%"
"3672","7.42 percent"
"3673","7.43"
"3674","7.49 percent"
"3675","7.5"
"3676","7.5 percent"
"3677","7.50 percent"
"3678","7.51"
"3679","7.52"
"3680","7.53"
"3681","7.53%"
"3682","7.54"
"3683","7.56"
"3684","7.57"
"3685","7.59"
"3686","7.6"
"3687","7.6 percent"
"3688","7.6Â percent"
"3689","7.60%"
"3690","7.65 percent"
"3691","7.67"
"3692","7.68 percent"
"3693","7.7"
"3694","7.7 percent"
"3695","7.75"
"3696","7.75 percent"
"3697","7.75%"
"3698","7.78 percent"
"3699","7.79"
"3700","7.8"
"3701","7.8 percent"
"3702","7.80%"
"3703","7.81 percent"
"3704","7.84"
"3705","7.85 percent"
"3706","7.86"
"3707","7.9"
"3708","7.9 percent"
"3709","7.91"
"3710","7.92 percent"
"3711","7%"
"3712","70"
"3713","70 percent"
"3714","70,000 percent"
"3715","70.01 percent"
"3716","70.5 percent"
"3717","70.6 percent"
"3718","70.73"
"3719","70%"
"3720","700"
"3721","700 percent"
"3722","700%"
"3723","706"
"3724","706%"
"3725","71"
"3726","71 percent"
"3727","71.1"
"3728","71.5"
"3729","71.50%"
"3730","71.60%"
"3731","71.77"
"3732","71.8"
"3733","71.8 percent"
"3734","71.80%"
"3735","71.9"
"3736","71.90%"
"3737","71%"
"3738","72"
"3739","72 percent"
"3740","72.00%"
"3741","72.1 percent"
"3742","72.2"
"3743","72.2 percent"
"3744","72.20%"
"3745","72.30%"
"3746","72.4"
"3747","72.4 percent"
"3748","72.6 percent"
"3749","72.7"
"3750","72.8 percent"
"3751","72.9 percent"
"3752","72.90%"
"3753","72%"
"3754","723 percent"
"3755","73"
"3756","73 percent"
"3757","73.00%"
"3758","73.1"
"3759","73.1 percent"
"3760","73.2"
"3761","73.33"
"3762","73.4 percent"
"3763","73.59 percent"
"3764","73.7"
"3765","73.8 percent"
"3766","73.9"
"3767","73.90%"
"3768","73%"
"3769","730"
"3770","730%"
"3771","74"
"3772","74 percent"
"3773","74.1 percent"
"3774","74.2"
"3775","74.3"
"3776","74.4"
"3777","74.4%"
"3778","74.40%"
"3779","74.5 percent"
"3780","74.70%"
"3781","74.8 percent"
"3782","74.80%"
"3783","74%"
"3784","75"
"3785","75 percent"
"3786","75.1"
"3787","75.2"
"3788","75.5 percent"
"3789","75.6 percent"
"3790","75.7"
"3791","75.8"
"3792","75.8 percent"
"3793","75.9 percent"
"3794","75%"
"3795","76"
"3796","76 percent"
"3797","76.2"
"3798","76.2 percent"
"3799","76.20%"
"3800","76.40%"
"3801","76.7 percent"
"3802","76.8"
"3803","76.8 percent"
"3804","76.9"
"3805","76.90%"
"3806","76%"
"3807","77"
"3808","77 percent"
"3809","77.0 percent"
"3810","77.2 percent"
"3811","77.3 percent"
"3812","77.4 percent"
"3813","77.6"
"3814","77.6 percent"
"3815","77.60%"
"3816","77.7"
"3817","77.7 percent"
"3818","77.70%"
"3819","77.8"
"3820","77.8 percent"
"3821","77.80%"
"3822","77.9"
"3823","77.9 percent"
"3824","77.9%"
"3825","77.90%"
"3826","77%"
"3827","778%"
"3828","78"
"3829","78 percent"
"3830","78.00%"
"3831","78.2"
"3832","78.20%"
"3833","78.3"
"3834","78.3 percent"
"3835","78.30%"
"3836","78.4"
"3837","78.40%"
"3838","78.5"
"3839","78.5 percent"
"3840","78.50%"
"3841","78.7 percent"
"3842","78.70%"
"3843","78.8 percent"
"3844","78.80%"
"3845","78.9"
"3846","78.9%"
"3847","78.90%"
"3848","78%"
"3849","79"
"3850","79 percent"
"3851","79.1 percent"
"3852","79.1%"
"3853","79.10%"
"3854","79.2"
"3855","79.2 percent"
"3856","79.2%"
"3857","79.20%"
"3858","79.3 percent"
"3859","79.3%"
"3860","79.30%"
"3861","79.4 percent"
"3862","79.5"
"3863","79.5 percent"
"3864","79.6 percent"
"3865","79.8"
"3866","79.9"
"3867","79.9 percent"
"3868","79.90%"
"3869","79%"
"3870","8"
"3871","8 percent"
"3872","8-10 percent"
"3873","8-10%"
"3874","8-13 percent"
"3875","8,000 percent"
"3876","8.0 percent"
"3877","8.08 percent"
"3878","8.1"
"3879","8.1 percent"
"3880","8.10%"
"3881","8.15 percent"
"3882","8.17 percent"
"3883","8.19"
"3884","8.2"
"3885","8.2 percent"
"3886","8.20%"
"3887","8.21 percent"
"3888","8.23"
"3889","8.24"
"3890","8.24%"
"3891","8.25"
"3892","8.26 percent"
"3893","8.29"
"3894","8.3"
"3895","8.3 percent"
"3896","8.30%"
"3897","8.31 percent"
"3898","8.32"
"3899","8.33 percent"
"3900","8.34 percent"
"3901","8.36"
"3902","8.37 percent"
"3903","8.375 percent"
"3904","8.4"
"3905","8.4 percent"
"3906","8.48 percent"
"3907","8.492"
"3908","8.5"
"3909","8.5 percent"
"3910","8.50%"
"3911","8.51 percent"
"3912","8.54 percent"
"3913","8.58 percent"
"3914","8.59"
"3915","8.6"
"3916","8.6 percent"
"3917","8.60%"
"3918","8.62"
"3919","8.66 percent"
"3920","8.67"
"3921","8.69"
"3922","8.7"
"3923","8.7 percent"
"3924","8.70%"
"3925","8.75"
"3926","8.75 percent"
"3927","8.8"
"3928","8.8 percent"
"3929","8.80%"
"3930","8.84 percent"
"3931","8.85"
"3932","8.85 percent"
"3933","8.88"
"3934","8.9"
"3935","8.9 percent"
"3936","8.90%"
"3937","8.94"
"3938","8.95"
"3939","8.95 percent"
"3940","8.98"
"3941","8%"
"3942","80"
"3943","80 percent"
"3944","80 to 90 percent"
"3945","80-100 percent"
"3946","80-87 percent"
"3947","80-90 percent"
"3948","80.00%"
"3949","80.3"
"3950","80.3 percent"
"3951","80.5"
"3952","80.5%"
"3953","80.50%"
"3954","80.6"
"3955","80.7"
"3956","80.9"
"3957","80%"
"3958","800 percent"
"3959","800%"
"3960","81"
"3961","81 percent"
"3962","81.0 percent"
"3963","81.00%"
"3964","81.08 percent"
"3965","81.2"
"3966","81.20%"
"3967","81.3 percent"
"3968","81.4"
"3969","81.4 percent"
"3970","81.40%"
"3971","81.5"
"3972","81.5 percent"
"3973","81.50%"
"3974","81.9 percent"
"3975","81%"
"3976","82"
"3977","82 percent"
"3978","82.00%"
"3979","82.2"
"3980","82.20%"
"3981","82.9"
"3982","82.9 percent"
"3983","82%"
"3984","83"
"3985","83 percent"
"3986","83.2"
"3987","83.3"
"3988","83.30%"
"3989","83.5"
"3990","83.9 percent"
"3991","83%"
"3992","835%"
"3993","84"
"3994","84 percent"
"3995","84.3 percent"
"3996","84.5"
"3997","84.50%"
"3998","84.69"
"3999","84.69%"
"4000","84.80%"
"4001","84.90%"
"4002","84%"
"4003","847%"
"4004","85"
"4005","85 percent"
"4006","85-80 percent"
"4007","85.00%"
"4008","85.5"
"4009","85.70%"
"4010","85.8"
"4011","85.9 percent"
"4012","85%"
"4013","850%"
"4014","86"
"4015","86 percent"
"4016","86.3 percent"
"4017","86.9 percent"
"4018","86%"
"4019","868 percent"
"4020","87"
"4021","87 percent"
"4022","87.3 percent"
"4023","87.4 percent"
"4024","87.8 percent"
"4025","87.9"
"4026","87.90%"
"4027","87%"
"4028","875 percent"
"4029","88"
"4030","88 percent"
"4031","88.2 percent"
"4032","88.3 percent"
"4033","88.4"
"4034","88.7 percent"
"4035","88.8 percent"
"4036","88%"
"4037","89"
"4038","89 percent"
"4039","89.1 percent"
"4040","89.5 percent"
"4041","89.7 percent"
"4042","89.8"
"4043","89.80%"
"4044","89.9"
"4045","89%"
"4046","892 percent"
"4047","9"
"4048","9 percent"
"4049","9.0 percent"
"4050","9.0%"
"4051","9.02"
"4052","9.03"
"4053","9.04"
"4054","9.06"
"4055","9.1"
"4056","9.1 percent"
"4057","9.10%"
"4058","9.15"
"4059","9.17"
"4060","9.17 percent"
"4061","9.2"
"4062","9.2 percent"
"4063","9.20%"
"4064","9.25"
"4065","9.25 percent"
"4066","9.28"
"4067","9.29"
"4068","9.3"
"4069","9.3 percent"
"4070","9.30%"
"4071","9.32"
"4072","9.35"
"4073","9.4"
"4074","9.4 percent"
"4075","9.40%"
"4076","9.41"
"4077","9.41 percent"
"4078","9.44 percent"
"4079","9.5"
"4080","9.5 percent"
"4081","9.50%"
"4082","9.56 percent"
"4083","9.6"
"4084","9.6 percent"
"4085","9.60%"
"4086","9.62 percent"
"4087","9.7"
"4088","9.7 percent"
"4089","9.70%"
"4090","9.72 percent"
"4091","9.73 percent"
"4092","9.77"
"4093","9.77 percent"
"4094","9.8"
"4095","9.8 percent"
"4096","9.80%"
"4097","9.83 percent"
"4098","9.85 percent"
"4099","9.9"
"4100","9.9 percent"
"4101","9.90%"
"4102","9.97 percent"
"4103","9.98"
"4104","9.98 percent"
"4105","9.98%"
"4106","9%"
"4107","90"
"4108","90 percent"
"4109","90-120 percent"
"4110","90.5 percent"
"4111","90%"
"4112","900"
"4113","900 percent"
"4114","900%"
"4115","91"
"4116","91 percent"
"4117","91.2"
"4118","91.20%"
"4119","91.30%"
"4120","91.9"
"4121","91.9 percent"
"4122","91.90%"
"4123","91%"
"4124","911%"
"4125","92"
"4126","92 percent"
"4127","92.2"
"4128","92.2 percent"
"4129","92.3"
"4130","92.3 percent"
"4131","92.5 percent"
"4132","92.9"
"4133","92.90%"
"4134","92%"
"4135","93"
"4136","93 percent"
"4137","93.4 percent"
"4138","93.5 percent"
"4139","93.7"
"4140","93.7 percent"
"4141","93%"
"4142","94"
"4143","94 percent"
"4144","94.2 percent"
"4145","94%"
"4146","95"
"4147","95 percent"
"4148","95.00%"
"4149","95.1"
"4150","95.30%"
"4151","95.60%"
"4152","95.8 percent"
"4153","95%"
"4154","96"
"4155","96 percent"
"4156","96.4 percent"
"4157","96.5"
"4158","96.88"
"4159","96.9"
"4160","96%"
"4161","967"
"4162","967%"
"4163","97"
"4164","97 percent"
"4165","97-99 percent"
"4166","97.5"
"4167","97.8"
"4168","97.80%"
"4169","97%"
"4170","98"
"4171","98 percent"
"4172","98.1 percent"
"4173","98.22"
"4174","98.30%"
"4175","98.5 percent"
"4176","98.9 percent"
"4177","98%"
"4178","99"
"4179","99 percent"
"4180","99.00%"
"4181","99.3 percent"
"4182","99.4 percent"
"4183","99.5"
"4184","99.5 percent"
"4185","99.5%"
"4186","99.50%"
"4187","99.60%"
"4188","99.7"
"4189","99.8"
"4190","99.8 percent"
"4191","99.9"
"4192","99.9 percent"
"4193","99.9%"
"4194","99.90%"
"4195","99.99"
"4196","99.99 percent"
"4197","99.99%"
"4198","99%"
"4199","a half of a percentage point"
"4200","a quarter of a percentage point"
"4201","annual percent"
"4202","Berkshires"
"4203","certain percent"
"4204","cumulative percent"
"4205","Demand"
"4206","Eight"
"4207","eight percent"
"4208","eight percentage"
"4209","Eighteen"
"4210","Eighty"
"4211","Eighty percent"
"4212","Eighty-six percent"
"4213","Eightyeight"
"4214","Eightyfive"
"4215","Eightyfour"
"4216","Eightynine"
"4217","Eightysix"
"4218","Eightythree"
"4219","Fifteen"
"4220","Fifteen percent"
"4221","Fifty"
"4222","Fifty-eight percent"
"4223","Fifty-five percent"
"4224","Fifty-seven percent"
"4225","Fifty-three percent"
"4226","Fiftyeight"
"4227","Fiftyfive"
"4228","Fiftyfour"
"4229","Fiftynine"
"4230","Fiftyseven"
"4231","Fiftysix"
"4232","Fiftythree"
"4233","Fiftytwo"
"4234","five percent"
"4235","Forty"
"4236","Forty percent"
"4237","Forty-two percent"
"4238","Fortyfive"
"4239","Fortynine"
"4240","Fortyone"
"4241","Fortysix"
"4242","Fortythree"
"4243","Fortytwo"
"4244","four percent"
"4245","full percent"
"4246","greater percent"
"4247","half a percent"
"4248","half percent"
"4249","half percentage"
"4250","high percent"
"4251","higher percent"
"4252","highest percent"
"4253","Household"
"4254","However"
"4255","Hundred"
"4256","large percent"
"4257","larger percent"
"4258","largest percent"
"4259","lowest percent"
"4260","nine percent"
"4261","Nineteen"
"4262","Nineteen percent"
"4263","Ninety"
"4264","Ninety percent"
"4265","Ninety-seven percent"
"4266","Ninetyeight"
"4267","Ninetyfive"
"4268","Ninetyone"
"4269","Ninetyseven"
"4270","Ninetysix"
"4271","Ninetythree"
"4272","Ninetytwo"
"4273","one percent"
"4274","one percentage point"
"4275","One-hundred percent"
"4276","Onehundred"
"4277","Seven"
"4278","seven percent"
"4279","Seventeen"
"4280","Seventeen percent"
"4281","Seventy"
"4282","Seventy-five percent"
"4283","Seventy-nine percent"
"4284","Seventy-six percent"
"4285","seventy-three percent"
"4286","Seventyeight"
"4287","Seventyfive"
"4288","Seventynine"
"4289","Seventysix"
"4290","Seventytwo"
"4291","several percent"
"4292","six percent"
"4293","Sixteen"
"4294","Sixty"
"4295","Sixty percent"
"4296","Sixty-four percent"
"4297","Sixty-one percent"
"4298","Sixty-seven percent"
"4299","Sixty-three percent"
"4300","Sixtyeight"
"4301","Sixtyfive"
"4302","Sixtyfour"
"4303","Sixtynine"
"4304","Sixtyone"
"4305","Sixtyseven"
"4306","Sixtysix"
"4307","Sixtythree"
"4308","Sixtytwo"
"4309","small percent"
"4310","Smaller"
"4311","smaller percent"
"4312","ten percent"
"4313","These"
"4314","Thirteen"
"4315","Thirty-eight percent"
"4316","thirty-nine percent"
"4317","Thirty-nine percent"
"4318","Thirty-three percent"
"4319","Thirtyeight"
"4320","Thirtyfive"
"4321","Thirtyfour"
"4322","Thirtynine"
"4323","Thirtyseven"
"4324","Thirtysix"
"4325","Thirtythree"
"4326","Thirtytwo"
"4327","Three"
"4328","three percent"
"4329","three-quarters of a percentage point"
"4330","three-tenths of a percentage point"
"4331","Twelve"
"4332","Twenty"
"4333","twenty-five percent"
"4334","Twenty-four percent"
"4335","twenty-one percent"
"4336","twenty-two percent"
"4337","Twentyeight"
"4338","Twentyfive"
"4339","Twentyfour"
"4340","Twentyone"
"4341","Twentyseven"
"4342","Twentythree"
"4343","two percent"
"4344","Two percent"
"4345","two percentage"
"4346","two-percent"
"4347","two-tenths of a percentage point"
"4348","zero percent"
"4349","zero%"
