"","x"
"1","20th Century Fox"
"2","2100 Xenon"
"3","AbbVie"
"4","ABC"
"5","Abel Advisors"
"6","Abengoa"
"7","Abercrombie"
"8","ABERCROMBIE"
"9","Abercrombie and Fitch"
"10","Aberdeen Asset Management"
"11","Abernathy Group"
"12","AC Propulsion"
"13","ACA Financial Guaranty Corp"
"14","Actavis"
"15","Actavis Inc"
"16","Advanced Technologies Inc"
"17","Advent International"
"18","Advisor Ahead"
"19","Advisor Inc"
"20","AdvisorShares"
"21","AEGIS FinServ Corp."
"22","AeroMobil"
"23","Aerospace Corporation"
"24","Aetna"
"25","AFR Telstra"
"26","African Broadcasting Corporation"
"27","African National Co"
"28","Agco Corp"
"29","Agile Property Holdings"
"30","Agricultural Bank"
"31","Aid Corp"
"32","AIG"
"33","AIG "
"34","Air Lease"
"35","Air Traffic Co"
"36","AirAsia"
"37","Airbnb"
"38","AirBNB"
"39","Airbus"
"40","Airbus Group"
"41","AiresBuenos"
"42","Airlines Corporation"
"43","Airways Corporation"
"44","Airways Group"
"45","AK Steel Corp"
"46","Alaska Air Group"
"47","Alcatel"
"48","Alcatel-Lucent"
"49","Alcoa"
"50","Aldi Sud"
"51","Alibaba"
"52","Alibaba Group"
"53","Alibaba Group Holding Ltd"
"54","Alibaba Pictures Group"
"55","Allegheny Technologies"
"56","Allergan"
"57","Alliance Grain Traders"
"58","Allianz"
"59","Ally Financial"
"60","Ally Financial Inc"
"61","Alpha Pro Tech"
"62","Alstom"
"63","Altagamma"
"64","Altarum"
"65","Altegris"
"66","Alternative Banking Group"
"67","Altis"
"68","Alvarez General Co"
"69","Amadeus"
"70","Amaya Gaming Group"
"71","Amazon"
"72","Amazon Inc"
"73","America Corp"
"74","America Corporation"
"75","American Airlines"
"76","American Apparel"
"77","American Apparel Inc"
"78","American Bank"
"79","American Bankers Association"
"80","American Bar Association"
"81","American Eagle"
"82","American Economic Association"
"83","American Express Co"
"84","American Express Company"
"85","American International Group"
"86","American Realty Capital"
"87","American Staffing Association"
"88","Amex"
"89","Amgen Inc"
"90","Amro Group"
"91","AMT"
"92","Anaplan"
"93","Andersons Inc"
"94","Andreessen Horowitz"
"95","AngelHack"
"96","Angelo Mozilo Former Countrywide"
"97","Anglo Irish Bank"
"98","ANXBTC"
"99","AOL"
"100","AON"
"101","Apollo"
"102","Apollo Global Management"
"103","Apollo Group"
"104","Appaloosa Management"
"105","Appaloosa Management LP"
"106","Apple"
"107","Apria Healthcare Group"
"108","Aqua"
"109","Arab Bank"
"110","Arcandor Middelhoff"
"111","Archer Limited"
"112","Argentinas Central Bank"
"113","Argonaut Capital Partners"
"114","Argonne"
"115","Ariba"
"116","Arista Networks"
"117","Arizona"
"118","Armani"
"119","Army Corp"
"120","Arton Capital"
"121","As Co"
"122","As Deutsche Bank"
"123","As Personal Co"
"124","Ascena"
"125","Ascena Retail Group"
"126","Asian Development Bank"
"127","Assa Corp"
"128","Asset Dedication"
"129","Assistance Corporation"
"130","Associate Inc"
"131","At Cumberland Advisors"
"132","AT&T"
"133","Athena"
"134","Athenahealth"
"135","Athens Acquisitions LLC"
"136","Athleta"
"137","Audi"
"138","Aurelius Capital Management"
"139","Australia Industry Group"
"140","Australian Broadcasting Corp"
"141","Auto Nation"
"142","Autodata Corp"
"143","Autodesk"
"144","Automotive Inc"
"145","AutoNavi Holdings Ltd"
"146","Autonomy"
"147","Avenue Capital"
"148","Aviation Industry Corp"
"149","Avis Budget Group"
"150","Avista Capital Partners"
"151","B Property Corporation"
"152","Baidu Inc"
"153","Bain Capital"
"154","Baker Hughes Inc"
"155","Bakrie Group"
"156","Ball Corporation"
"157","Banana Republic"
"158","Banc Corporation"
"159","Banco Espirito Santo"
"160","Bancshares Inc"
"161","Bank Clothiers Inc"
"162","Bank Corp"
"163","Bank of America"
"164","Bank Of America"
"165","Bank of China"
"166","Bank of England"
"167","Bank of New York Mellon Trust"
"168","Bank of Tokyo-Mitsubishi UFJ"
"169","Bank Resolution Corporation"
"170","Banking Corporation"
"171","Banking Group"
"172","Barclays"
"173","Barclays Capital"
"174","Barclays Co"
"175","Barclays's"
"176","Barnes"
"177","Barrel Old Country Store Inc"
"178","Barrick"
"179","BASF"
"180","Basic Industries Corporation"
"181","BATS"
"182","Baupost Group"
"183","Bausch"
"184","Bay"
"185","Bay Inc"
"186","Bayou Group"
"187","BBC"
"188","BBVA"
"189","Bear Stearns"
"190","Because Corporation"
"191","Beige Book Co"
"192","Bell Corporation"
"193","Beltology"
"194","Belus Capital Advisors"
"195","Benefit Guarantee Corporation"
"196","Benefit Guaranty Corporation"
"197","Benzinga"
"198","Berkshire Hathaway"
"199","Berkshire Hathaway Assurance Corp"
"200","Berkshire Hathaway Inc"
"201","Berkshire Hathaway Inc."
"202","Bespoke Investment Group"
"203","Best Buy"
"204","Best Buy Co"
"205","Best Cooking Pulses Inc"
"206","Best Paid Banking"
"207","Best Yearly Inc"
"208","Bezos Expeditions"
"209","BHP Billiton"
"210","Big Picture Co"
"211","Bilderberg Group"
"212","Billionaire Tesla"
"213","Biomet Inc"
"214","Biovail Corp"
"215","BIPs"
"216","Birger Jarl Fondkommission"
"217","Bitcoin"
"218","Bitcoin China"
"219","Bitcoin Satoshi Nakamoto"
"220","Bitpay"
"221","BitPay"
"222","BitPremier"
"223","Blackberry"
"224","BlackBerry"
"225","Blackrock"
"226","BlackRock"
"227","BlackRock Inc"
"228","Blackstone"
"229","Blackstone Group"
"230","Bloomberg"
"231","Bloomberg Deutsche Bank"
"232","Bloomberg Media"
"233","Blue"
"234","BMO Capital Markets"
"235","BMW"
"236","BNP Paribas"
"237","BNSF"
"238","BNY Mellon Corp"
"239","Bob Co"
"240","Boeing"
"241","Boeing Commercial Airplanes"
"242","Boeing Commercial Airplanes Ray"
"243","BofA"
"244","Bombardiar"
"245","Bombardier"
"246","Bortolloti"
"247","Bose"
"248","Boston Beer Co"
"249","Boston Beer Company"
"250","Boston Co"
"251","Boston Consulting Group"
"252","Box"
"253","Braintree"
"254","Brands Inc"
"255","Brandz"
"256","Brean Capital"
"257","Bridge Capital"
"258","Bridgewater"
"259","Bridgewater Associates"
"260","Brigandi"
"261","Britains Financial Co"
"262","Broadcasting Corporation"
"263","Brookfield Asset Management"
"264","Brunswick Corporation"
"265","BTC Trading Corp"
"266","Buffalo Wild Wings Inc"
"267","Build America Mutual"
"268","Burberry"
"269","Burberry Inc"
"270","Burger King"
"271","Business Insider"
"272","Business Insider Former"
"273","Business Wire"
"274","But Deutsche Bank"
"275","Buzzfeed"
"276","C Corporation"
"277","C Mortgage Corporation"
"278","C Securities Corporation"
"279","Cadillac Fairview Corporation"
"280","Cadiz Corp"
"281","Calpine Corp"
"282","Cambridge Group"
"283","Campbell Soup Co"
"284","Canada Corp"
"285","Canadian Pacific Railway"
"286","Canali"
"287","Canalys"
"288","Candela"
"289","Candriam Investors Group"
"290","Canon"
"291","Canon Inc"
"292","Cantor Fitzgerald"
"293","Cantwell"
"294","Capital Corp"
"295","Capital Economics"
"296","Capital Economics Capital"
"297","CapitalOne"
"298","Capstone Avisory Group"
"299","Caracal Energy"
"300","CardsChat.com"
"301","Caremark Corporation"
"302","Cargill"
"303","Carlyle Group"
"304","Carnival Corp"
"305","Carnival Corp."
"306","Carver Bancorp"
"307","Carver Bancorp."
"308","Caterpillar"
"309","Cathay Conning Asset"
"310","Catterpillar Inc"
"311","Caxton Associates"
"312","CBM Corp"
"313","CBS"
"314","CBS Corp"
"315","CDW Corp"
"316","Celgene Corp"
"317","Cenqua"
"318","Centene Corporation"
"319","Centennial Group"
"320","Central Bank"
"321","Central Co"
"322","Central Military Co"
"323","Central Park Group"
"324","Century Fox Inc"
"325","CenturyLink"
"326","CESifo Group"
"327","Challenger"
"328","Chambers Street Properties"
"329","Charles Schwab"
"330","Charles Schwab Corp"
"331","Charoen Pokphand Group"
"332","Chase"
"333","Chase Reserve"
"334","Chatillon"
"335","ChatPerf"
"336","Cheniere Energy"
"337","Chesapeake Energy"
"338","Chesapeake Energy Corp"
"339","Chesapeake Energy Corporation Mc"
"340","Chevron Corporation"
"341","Chicago Mercantile Exchange"
"342","Chicago Transit Authority"
"343","Chimerix"
"344","China Business Co"
"345","China Co"
"346","China Construction Bank"
"347","China Development Bank"
"348","China Dongxiang Group"
"349","China Eastern Airlines Corp"
"350","China Everbright Bank"
"351","China Investment Corp"
"352","China Life Insurance Co Ltd"
"353","China Merchants Bank"
"354","China Mobile Ltd"
"355","China National Nuclear Corp"
"356","China National Offshore Oil Corp"
"357","China Petrochemical Corp"
"358","China Railway Construction Corporation"
"359","China Railway Corp"
"360","China Railway Corporation"
"361","China Rongsheng Heavy Industries Group"
"362","China Telecom"
"363","Chinas Co"
"364","Chinas Shanghai Co"
"365","Chinas State Co"
"366","Chinese Co"
"367","Chinese Mobile"
"368","Chipotle"
"369","Chris Rupkey Bank"
"370","Chrysler"
"371","Chrysler Group"
"372","Chrysler Group LLC"
"373","Chubb Corporation"
"374","Chugai Pharmaceutical Co Ltd"
"375","Cintas Corp"
"376","Cisco"
"377","Cisco Systems"
"378","Cisco Systems Inc"
"379","Citadel"
"380","Citi"
"381","Citi Group"
"382","Citi Holdings"
"383","Citi Private Bank"
"384","Citibank"
"385","CITIC Bank Corp"
"386","Citigroup"
"387","Citigroup Inc"
"388","Citigroup Sandy Weill"
"389","Citizens Budget Co"
"390","City Corp"
"391","City Corporation"
"392","City Economic Development Corporation"
"393","Civeo Corporation"
"394","Civil Supplies Corporation"
"395","Clearing Corp"
"396","Clearpool Group"
"397","Cleary Gottlieb Steen"
"398","Cliffs Natural"
"399","Climate Corporation"
"400","Clincle"
"401","Clinkle"
"402","ClinkleClinkle"
"403","Club Med and Huabei Group"
"404","CMS Energy Corp"
"405","CNBC"
"406","CNR Corp"
"407","Co Inc"
"408","Co LLC"
"409","Coach"
"410","Coatue Management"
"411","Cobham"
"412","Coca Cola"
"413","Coca-Cola"
"414","COFCO Corp"
"415","Cogent Communications"
"416","Coinbase Inc"
"417","Coindesk"
"418","CoinJar"
"419","Coke"
"420","Colorado Inc"
"421","Columbia Pictures Corp"
"422","Com Corporation"
"423","Comcast"
"424","Comcast Corp"
"425","Comcast Corporation"
"426","Comfort Corporation"
"427","Commerzbank"
"428","Commodity Futures Trading Co"
"429","Commodity Weather Group"
"430","Commodity Weather Group LLC"
"431","Communications Corporation"
"432","Communications Inc"
"433","Community"
"434","Community Bank"
"435","Companies Inc"
"436","Company"
"437","Company LLC"
"438","ConEd"
"439","Consenza"
"440","Construction Corporation"
"441","Consultative Group"
"442","Consumer Bank"
"443","Consumer Co"
"444","Continental Resources"
"445","Continental Resources Inc"
"446","Conway"
"447","Coral Springs"
"448","Corcoran Group"
"449","Corelogic"
"450","CoreLogic"
"451","Corp Capital"
"452","Corporate"
"453","Corporate Inc"
"454","Corrections Corp"
"455","Corrections Corporation of America"
"456","Cos Inc"
"457","Costa Co"
"458","Countrywide"
"459","Countrywide Financial Corp"
"460","Covington"
"461","Cowen"
"462","Crain Communications"
"463","Creativity"
"464","CrediCorp Capital"
"465","Credit Agricole"
"466","Credit Suisse"
"467","Credit Suisse Group"
"468","CreditKarma"
"469","Criteo"
"470","Crocs"
"471","Crown Corporation"
"472","Cruise Line"
"473","CSN"
"474","CSR Corp"
"475","Cubic Corporation"
"476","Cultural Group"
"477","Cumberland Advisors"
"478","Current"
"479","Cutrale Group"
"480","CVS Caremark"
"481","CVS Health Corp"
"482","Cyprus Broadcasting Corp"
"483","Cyprus Popular Bank"
"484","D Corporation"
"485","D Systems Corp"
"486","D.R. Horton"
"487","Daddy Group"
"488","Daddy Inc"
"489","Daicel Corp"
"490","Daiichi Sankyo Co Ltd"
"491","Dalian Wanda Co"
"492","Damien Co"
"493","Darden Restaurants"
"494","Darden Restaurants Inc"
"495","Dartmouth Co"
"496","Days Group"
"497","Dearborn"
"498","Deere"
"499","Delhaize Group"
"500","Dell"
"501","Dell Computer"
"502","Delloite"
"503","Deloitte"
"504","Delphi Corporation"
"505","Delta"
"506","Demand Inc"
"507","Democratic National Co"
"508","Dendreon Corp"
"509","Dennison Corporation"
"510","Denso Corp"
"511","Dentsu Inc"
"512","Denver Relief"
"513","Deposit Insurance Corporation"
"514","Dermid"
"515","Deutsche"
"516","Deutsche Bank"
"517","Development Corporation"
"518","Dezheng"
"519","Diamond Corporation"
"520","Diamonds"
"521","Digital Equipment Corporation"
"522","Digital Luxury Group"
"523","Dion Weisler"
"524","Dior"
"525","DirecTV"
"526","Direxion"
"527","Dish"
"528","Dish Network"
"529","DISH Network Corp"
"530","Disk Corp"
"531","Disney"
"532","Distillers Products Corporation"
"533","Districts Co"
"534","Diversified Realty Corporation"
"535","Dodge"
"536","Dolce"
"537","Dole Food Company"
"538","Dole Food Company David"
"539","Dollar General Corp"
"540","Dollar Thrifty"
"541","Dollar Tree Inc"
"542","Dongbei Special Steel Group"
"543","Dongxiang"
"544","Dordic Lease Corp"
"545","Dot Hill Systems Corp"
"546","DoubleLine Capital"
"547","Dover Corp"
"548","Dow Chemical Co"
"549","Dow Jones"
"550","Dow Petchem Co"
"551","Dow Specialty Co"
"552","Drive Capital"
"553","Dropbox"
"554","Dumex Baby Food Co Ltd"
"555","Duquesne Capital Management"
"556","DWA Investments"
"557","Dynamic Inc"
"558","Dynasty Financial Partners"
"559","E Corporation"
"560","E-Sports Entertainment Associaition"
"561","E-Trade"
"562","Eagle Bay Capital"
"563","Earned Inc"
"564","East Co"
"565","Easyjet"
"566","eBay"
"567","Ebay"
"568","eBay "
"569","Ebay Inc"
"570","Eclectica Asset Management"
"571","Eclipse"
"572","Economic Calendar Market Commentary Corp"
"573","Ekathimerini"
"574","Elan Corporation"
"575","Electronic Arts"
"576","Electronics Inc"
"577","Electus"
"578","Element Electronics"
"579","Eleven Inc"
"580","Elliot Management Corp"
"581","Elliott Management"
"582","Elliott Management Corp"
"583","Embraer Commercial Aviation"
"584","EMC"
"585","Emergency Unemployment Co"
"586","Emerging Markets Group"
"587","Emile Garcin"
"588","Empowerment Zone Development Corporation"
"589","Emric"
"590","Enbridge Inc"
"591","Encana"
"592","Endeavor Group"
"593","Energie"
"594","Energy Corp"
"595","Energy Corporation"
"596","Energy Finance Corporation"
"597","Energy Future Holdings"
"598","Energy Group"
"599","Energy Inc"
"600","Energy Information Association"
"601","Energy Innovation: Policy and Technology LLC"
"602","Enron"
"603","Enron Corporation"
"604","Entertainment"
"605","Entertainment Inc"
"606","EOG Resources"
"607","EP Energy Corp"
"608","Equifax"
"609","Equipment Corporation"
"610","Equipment Rental Corporation"
"611","Equity Group"
"612","Equity Group Investments"
"613","Equity Inc"
"614","Ergon"
"615","Ernst"
"616","Eskom"
"617","ESL Investments"
"618","Essex Property Trust Inc"
"619","Estimize"
"620","Ethiopia"
"621","Eurex"
"622","Euro Group"
"623","Euro Pacific Capital"
"624","European Central Bank"
"625","European Co"
"626","European Corporation"
"627","European Investment Bank"
"628","Eurozone Inflation Inc"
"629","Everstone Group"
"630","Ex Corp"
"631","Ex Corporation"
"632","Ex Group"
"633","Exchange Group"
"634","Exchange Inc"
"635","Excite"
"636","Exelon Corp"
"637","Exelon Corporation"
"638","ExIm Bank"
"639","Expedia Inc"
"640","Experian"
"641","Experian Marketing Services"
"642","Export Now"
"643","Extell Development Co"
"644","Exxon"
"645","Exxon Corporation"
"646","Exxon Mobil"
"647","Exxon Mobil Corp"
"648","ExxonMobil"
"649","Eye Inc"
"650","F Corporation"
"651","F.W. Woolworth Company"
"652","FAB Universal Corp"
"653","Facebook"
"654","Facebook Inc"
"655","Fairfax Financial"
"656","Fairview Corporation"
"657","Falcon Global Capital"
"658","Fannie Mae"
"659","FAW Group Corp"
"660","Federal Communications Co"
"661","Federal District Co"
"662","Federal Election Co"
"663","Federal Emergency Management"
"664","Federal Open Market Co"
"665","Federal Reality Investment Trust"
"666","Federal Reserve Bank"
"667","Federal Reserve Bank of Chicago"
"668","Federal Trade Co"
"669","FedEx"
"670","Feeding America"
"671","Fendi"
"672","Ferrari"
"673","Ferrero"
"674","Fiat"
"675","Fiat Chrysler"
"676","Finance Corporation"
"677","Financial Corp"
"678","Financial Corporation"
"679","Financial Group"
"680","Financial Markets Association"
"681","Financial Policy Co"
"682","Financial Services Co"
"683","Financial Services Group"
"684","FINRA"
"685","FireEye"
"686","First Defense Nasal Screens"
"687","First Investment Bank"
"688","First Round Capital"
"689","Fisher Investments"
"690","Fisker Automotive"
"691","Fitch shares"
"692","Fivepoint Communities"
"693","Fixed Inc"
"694","Flagship Ventures"
"695","Fleur"
"696","Flibe Energy"
"697","Flickr"
"698","FlightAware"
"699","Flow Inc"
"700","Fluor Corporation"
"701","Follow Columbia Management"
"702","For Multinational Corporation"
"703","Forbes"
"704","Ford"
"705","Ford Motor Co"
"706","Ford Motor Co."
"707","Ford Motor Company"
"708","Foreign Assets Co"
"709","Former Qwest"
"710","Fortress Investment Group"
"711","Fossil"
"712","Fossil Group"
"713","Foursquare"
"714","Fox"
"715","FOX"
"716","Franklin"
"717","Franklin Resources"
"718","Franklin Resources Inc"
"719","Freddie Mac"
"720","Free Trade Zone Development Co Ltd"
"721","Freshneck"
"722","Freshneck.com"
"723","From Deutsche Bank"
"724","Frontline"
"725","Frontline Ltd."
"726","Fuels Corporation"
"727","Fujikoshi Corp"
"728","Fujitsu Ltd"
"729","Funds Distributor Inc"
"730","Fundstrat Global Advisors"
"731","Fusion"
"732","Gallup"
"733","Galvon"
"734","Gamble Co"
"735","Gamco Investors"
"736","Gaming Corp"
"737","Gaming Corporation"
"738","Gancia"
"739","Gap"
"740","Gap Inc"
"741","Garland"
"742","Gary Co"
"743","Gas Corporation"
"744","Gazprom"
"745","GE"
"746","Genentech"
"747","General Electric"
"748","General Electric Co"
"749","General Electric Co."
"750","General Mills"
"751","General Motors"
"752","General Motors Co"
"753","General Motors Co."
"754","Genscape"
"755","German Constitutional Co"
"756","Getty Images Entertainment"
"757","Getty Images Latam Netflix"
"758","GfK"
"759","Giant Interactive Group"
"760","Gilead"
"761","Gilead Sciences"
"762","Gilead Sciences Inc"
"763","Girl Scouts"
"764","Github"
"765","Gleacher"
"766","Global Agenda Co"
"767","Global Asset Management"
"768","Global Brokerage Inc"
"769","Global Co"
"770","Global Consumer Bank"
"771","Global Development Co"
"772","Global Holdings Ltd"
"773","Global Inc"
"774","Global Investors Inc"
"775","Global Resources Corp"
"776","Global Resources Corporation"
"777","Globalstar"
"778","Globalstar Inc"
"779","GM"
"780","GMars Corp"
"781","GMTO Corp"
"782","Gold Fields"
"783","Golden Gate Capital"
"784","Goldman"
"785","Goldman Sachs"
"786","Goldman Sachs Asset Management"
"787","Goldman Sachs Bank"
"788","Goldman Sachs Corp"
"789","Goldman Sachs Group"
"790","Goldman Sachs Group Inc"
"791","Google"
"792","GOOGLE"
"793","Google Inc"
"794","Googler"
"795","Governing Co"
"796","Government Reform Co"
"797","Gox"
"798","Gox Co Ltd"
"799","Graham Partners"
"800","Grant Co"
"801","Gravity Corporation"
"802","Green Mountain"
"803","Green Mountain Co"
"804","Green Street Advisors"
"805","Greenlight Capital"
"806","GreenLight Capital"
"807","Greenlight Capital Inc"
"808","Greenwich Associates"
"809","Grid Corporation"
"810","Gristedes"
"811","Gross Inc"
"812","Group Inc"
"813","Groupon"
"814","GroupOn"
"815","Groupon Inc"
"816","Grubhub"
"817","Grumman Corporation"
"818","GS Yuasa Corp"
"819","GSC Capital Corp"
"820","Guangdong Nuclear Power Holding Corp"
"821","Guangzhou Automobile Group"
"822","Guarantee Corporation"
"823","Guaranty Corporation"
"824","Gucci"
"825","Gulf Cooperation Co"
"826","GundlachDoubleLine"
"827","Gunvor Group"
"828","Halkbank"
"829","Hamilton Place Strategies"
"830","Hammerstone Group"
"831","Harbinger Capital"
"832","Harbor Investment Co"
"833","HarleyDavidson"
"834","Harvard Management Co"
"835","Harvard Management Company"
"836","Hasbro"
"837","Hay Group"
"838","Hayman Capital"
"839","Hayman Capital Management"
"840","He Exploits In His Inc"
"841","Health Corp"
"842","Health Group"
"843","Health Inc"
"844","Healthy Corp"
"845","Hearst Corporation"
"846","Hedgeye"
"847","Hedgeye Risk Management"
"848","Heineken"
"849","Henkel"
"850","Herbalife"
"851","Herbalife Ltd"
"852","Herblife"
"853","Hercules Offshore Inc"
"854","Here Co"
"855","Heres Deutsche Bank"
"856","Hertz"
"857","Hess Corp"
"858","Hewlett-Packard"
"859","Hewlett-Packard Co"
"860","HewlettPackard Co"
"861","Hillshire"
"862","Hillshre Brands"
"863","Hilton"
"864","Hilton & Hyland"
"865","Hiring Inc"
"866","Hitting Western European Corporation"
"867","Holborn Group"
"868","Holdings Corp"
"869","Holdings Corporation"
"870","Holdings Inc"
"871","Holdings Management Corporation"
"872","Home Depot"
"873","Home Depot Inc"
"874","Home Loan Mortgage Corporation"
"875","Home Mortgage Corporation"
"876","Honda"
"877","Honda Motor Co"
"878","Honeywell International"
"879","Hong Kong Monetary Authority"
"880","Honorable Corp"
"881","Hormel Foods Corp"
"882","Horton Inc"
"883","House Appropriations Co"
"884","House Budget Co"
"885","House Financial Services Co"
"886","Household Inc"
"887","However Deutsche Bank"
"888","HP"
"889","HSBC"
"890","HSH"
"891","HTC"
"892","Huadian Heavy Industries Co Ltd"
"893","Huawei"
"894","Hub"
"895","Hub Inc"
"896","Hughes Corporation"
"897","Human Capital Management"
"898","Humana Inc"
"899","Humavox"
"900","Huntsman Corp"
"901","Hyundai Heavy Industries Co Ltd"
"902","Hyundai Motor Co"
"903","Hyundai Motor Group"
"904","IAA"
"905","Ibarra Strategy Group"
"906","IBERIABANK Corp"
"907","IBM"
"908","IBM Corporation"
"909","Icebreakers Group"
"910","IDA Ireland"
"911","Idealab"
"912","If Co"
"913","IGT"
"914","IKEA"
"915","Iliad"
"916","Illumina Inc"
"917","In Co"
"918","In Corporation"
"919","Independent Community Bankers of America"
"920","Indira"
"921","Individual Inc"
"922","Indochino"
"923","Industries Corporation"
"924","Industry Corporation"
"925","Instagram"
"926","Insurance Corporation"
"927","Integrys Energy Group"
"928","Intel"
"929","Intel Corp"
"930","Intel Corporation"
"931","Intel Inc"
"932","Interest Group"
"933","interim"
"934","Internal Revenue Co"
"935","International Corporation"
"936","International Executive Co"
"937","International Finance Corp"
"938","International Finance Corporation"
"939","International Inc"
"940","International Islamic Liquidity Management Corp"
"941","International Lab"
"942","International Olympic Co"
"943","International Trade Co"
"944","Internet Corporation"
"945","Interpublic Group"
"946","INTRIX"
"947","Intucell"
"948","Intuit"
"949","Intuit Inc"
"950","Invasivecode"
"951","Invesco Ltd"
"952","Investing Group"
"953","Investment Bank"
"954","Investment Co"
"955","Investment Corporation"
"956","Investments Inc"
"957","Investor Group"
"958","Investor Protection Corporation"
"959","Investor Protection Trust"
"960","Iowa Lottery"
"961","Ipanema"
"962","Iraq's United Bank for Investment"
"963","Irish Bank Resolution Corp"
"964","Irving Oil"
"965","Irving Place Capital"
"966","iSectors LLC"
"967","Isolated Inc"
"968","ITT Corp"
"969","J. C. Penney Company"
"970","J. Crew"
"971","J.P. Morgan Chase"
"972","Jacob Javits Co"
"973","Jadwa"
"974","Jaguar Land Rover"
"975","James Co"
"976","James E. Coffey Securities"
"977","Janus Capital"
"978","Janus Capital Group"
"979","Japan Broadcasting Corp"
"980","Japan Inc"
"981","JC Penney"
"982","JC Penney "
"983","JC Penney Corp"
"984","JCPenney"
"985","JD"
"986","Jedaie Group"
"987","Jefferies"
"988","Jeffries"
"989","JetBlue Airways"
"990","JetSuite"
"991","Jiaflix"
"992","Jiayuan Group"
"993","Jim Co"
"994","John Burns Real Estate Co"
"995","John Thomas Financial"
"996","Joint Economic Co"
"997","Jon Co"
"998","Jos. A. Bank"
"999","JoS. A. Bank Clothiers"
"1000","Journal Corporation"
"1001","Joy Global"
"1002","JP Morgan"
"1003","JP Morgan Chase"
"1004","JP Morgan Ventures Energy Corp"
"1005","JPMorgan"
"1006","JPMorgan Chase"
"1007","JPMorgan Corp"
"1008","JPMorgan Infrastructure Investments Group"
"1009","JPMorgan Ventures Energy Corp"
"1010","Jtekt Corp"
"1011","Jumptap"
"1012","K Steel Corporation"
"1013","K. Hovnanian"
"1014","Kaisa Group"
"1015","Karma"
"1016","Karp Group"
"1017","KDDI Corp"
"1018","KDDO Corporation"
"1019","Keely Motor Co"
"1020","Kellogg"
"1021","Kemper Corp"
"1022","Kemper Corporation"
"1023","Kennedy Group"
"1024","Kensho"
"1025","Kesson Corp"
"1026","Kesson Corporation"
"1027","Keurig Co"
"1028","Key-Venutres"
"1029","Keystone"
"1030","KFC"
"1031","Kia Motors"
"1032","Kia Motors Corp"
"1033","Kimco"
"1034","Kimren Group"
"1035","Kinder Morgan"
"1036","Kinder Morgan Energy Partners"
"1037","Kinder Morgan Inc"
"1038","King"
"1039","King Digital Entertainment"
"1040","King Power Group"
"1041","Kingdom Holding Co"
"1042","Kingston Financial"
"1043","Kitchen Inc"
"1044","Kodak"
"1045","Kohl's"
"1046","Kohl's Corp."
"1047","Koss Olinger Financial Group"
"1048","Kotter International"
"1049","Kowalski"
"1050","KPMG"
"1051","Kraft Foods Group"
"1052","Krispy Kreme"
"1053","Kroger Co"
"1054","KTR Capital Partners"
"1055","Kynikos Associates"
"1056","Kynikos Investments"
"1057","Kyte Group"
"1058","Labor Market Co"
"1059","Laboratory Skin Care"
"1060","Lance Corp"
"1061","Landry"
"1062","Langlois"
"1063","Las Vegas Sands"
"1064","Lauren Corporation"
"1065","Laurent Potdevin"
"1066","Lazzerbee"
"1067","Lear Corp"
"1068","Ledbury"
"1069","LeFrak"
"1070","Lehman"
"1071","Lehman Brothers"
"1072","Lehman Brothers Holdings"
"1073","Lennar"
"1074","Lennar Corp"
"1075","Lennar Corporation"
"1076","Lenovo Group Ltd"
"1077","Leon Co"
"1078","Library Of Co"
"1079","Life Inc"
"1080","Lifetime Brands Inc"
"1081","Lincoln Financial Group"
"1082","LinkedIn"
"1083","LinkUp"
"1084","Lion Air"
"1085","Lipper Inc"
"1086","Little Rock Co"
"1087","Livevol"
"1088","Lloyds Banking Group"
"1089","Loan Mortgage Corporation"
"1090","Lockerz"
"1091","Lockheed Martin"
"1092","Lockheed Martin Corp"
"1093","Loews Corp"
"1094","Loews Corporation"
"1095","Londons High Co"
"1096","Longboard Asset Management"
"1097","Lorillard"
"1098","Lorillard Tobacco"
"1099","Los Angeles Co"
"1100","Lucent"
"1101","Lufthansa Group"
"1102","LULAC"
"1103","Lululemon"
"1104","Lululemon Athletica"
"1105","Luma Partners"
"1106","Lung Biotechnology Inc"
"1107","Luvo"
"1108","Luxembourg Inc"
"1109","Luxottica"
"1110","Lyft"
"1111","M Corporation"
"1112","Macy"
"1113","Macy's"
"1114","Macys Inc"
"1115","Management Corporation"
"1116","Mandiant"
"1117","Manhattan"
"1118","Manhattan Federal Co"
"1119","Manpower"
"1120","Manpower Group"
"1121","Marathon Oil"
"1122","Marathon Oil Corp"
"1123","Maria Co"
"1124","Marilyn Monrobot"
"1125","Marine Corp"
"1126","Marine Insurance Co Ltd"
"1127","Market Action Advisors"
"1128","Market Advisors LLC"
"1129","Marquis Jet"
"1130","Marriott International Inc"
"1131","Mars Corp"
"1132","Marshall Wace"
"1133","Mart Corp"
"1134","Mart Corporation"
"1135","Mart Stores Inc"
"1136","Martin Corporation"
"1137","Mastercard"
"1138","Mathew Martoma Co"
"1139","Matrix Inc"
"1140","Mattel"
"1141","Mauldin Economics LLC"
"1142","Max Inc"
"1143","Maxis Communications Bhd"
"1144","MBA Exchange"
"1145","MBT Financial Corp"
"1146","McAfee"
"1147","McCabe Research and Consulting"
"1148","McCabe Reserach and Consulting"
"1149","McDonald's"
"1150","McDonalds"
"1151","McDonalds Corp"
"1152","McKesson"
"1153","McKesson Corporation"
"1154","McKinsey"
"1155","McKinsey & Company"
"1156","Medex Inc"
"1157","Media Corporation"
"1158","Medivation Inc"
"1159","Medley Global Advisors"
"1160","Medtronic"
"1161","Meetup"
"1162","Mega Ltd"
"1163","Mellon Corp"
"1164","Mellon Corporation"
"1165","Men's Warehouse"
"1166","Men's Wearhouse"
"1167","Mercedes-Benz"
"1168","Mercuria Energy Group"
"1169","Meredith Corp"
"1170","Meredith Corporation"
"1171","Merrill Lynch"
"1172","Metacapital Partners"
"1173","Metlife"
"1174","Metro International Trade Services"
"1175","MetroPCS Communications"
"1176","MF Global"
"1177","MGM"
"1178","MHP"
"1179","Michael Co"
"1180","Microsoft"
"1181","Microsoft Corp"
"1182","Millenial Media"
"1183","Millennial Media"
"1184","MillerCoors"
"1185","Mina Kimes"
"1186","Minack Advisors"
"1187","Ming Pao Staff Concern Group"
"1188","Minsheng Securities"
"1189","Minyanville Thirteen"
"1190","Mirisch Corp"
"1191","Mirisch Corporation"
"1192","Missiles Corporation"
"1193","Mitsubishi Motors"
"1194","Mixpo"
"1195","Mizuho Corp"
"1196","Mobile"
"1197","Mobile Inc"
"1198","Mobile World Co"
"1199","Moet Hennessy"
"1200","Moffett Group"
"1201","Mogul"
"1202","Mogul Corp"
"1203","Mogul Corporation"
"1204","Moncler"
"1205","Mondelez International"
"1206","Monetary Affairs Co"
"1207","Monetary Policy Co"
"1208","Monitoring Group"
"1209","Montaigne Inc"
"1210","Morgan Asset Management"
"1211","Morgan Chase"
"1212","Morgan Chase Bank"
"1213","Morgan Corp"
"1214","Morgan Private Bank"
"1215","Morgan Securities LLC"
"1216","Morgan Stanley"
"1217","Morningstar"
"1218","Morningstar Inc"
"1219","Morningstar Investment Co"
"1220","Mortgage Bankers Association"
"1221","Mortgage Corporation"
"1222","Mortgage Insurance Corporation"
"1223","Motor Corp"
"1224","Motorola "
"1225","Motorola Mobility Holdings Inc"
"1226","Motors Corporation"
"1227","Mozilla"
"1228","MSFT"
"1229","Muddy Waters"
"1230","Muddy Waters Research"
"1231","Multinational Corporation"
"1232","Mune Inc"
"1233","Murphy Oil Corp"
"1234","Murray Co"
"1235","Murray Kessler"
"1236","Music Group"
"1237","N Broadcasting Corporation"
"1238","NACA"
"1239","NAFE"
"1240","NaftoGaz"
"1241","Naked Capital"
"1242","Nanex"
"1243","NAPFA"
"1244","Napster"
"1245","NASA"
"1246","Nasdaq"
"1247","NASDAQ"
"1248","Nasty Gal"
"1249","National Association"
"1250","National Association for Female Executives"
"1251","National Australia Bank"
"1252","National Bank"
"1253","National Basketball Association"
"1254","National Co"
"1255","National Corporation"
"1256","National Distillers Products Corp"
"1257","National Economic Co"
"1258","National Endowment for Financial Education"
"1259","National Futures Association"
"1260","National Offshore Oil Corporation"
"1261","National Peoples Co"
"1262","National Rifle Association"
"1263","National Science Foundation"
"1264","National Security Co"
"1265","Navy Yard Development Corporation"
"1266","NBA"
"1267","NBC"
"1268","NBC Sports"
"1269","Need Benchmarks For Retirement Inc"
"1270","Neighborhood Assistance Corp"
"1271","Neiman Marcus Group"
"1272","Nest"
"1273","Nest Labs"
"1274","Netflix"
"1275","Netflix Inc"
"1276","Network Corp"
"1277","Neubauer Group"
"1278","Neusoft Corp"
"1279","Nevada Gaming Co"
"1280","New Haven Co"
"1281","New Jersey Co"
"1282","New York Bank"
"1283","New York Co"
"1284","New York Mellon"
"1285","New York Mellon Corporation"
"1286","New York Stock Exchange"
"1287","New York Times"
"1288","New York Times Magazine"
"1289","Newman Corp"
"1290","Newman Corporation"
"1291","Newport Beach"
"1292","News Corp"
"1293","News Ousted American Apparel"
"1294","Nexen Inc"
"1295","NGO Inc"
"1296","Nicholson Hartford Financial Services Group"
"1297","Nike"
"1298","Nikkei Inc"
"1299","Nikon"
"1300","Nimble Storage"
"1301","Nintendo Co Ltd"
"1302","Nippon Airways Co Ltd"
"1303","Nissan"
"1304","Nissan Motor Co"
"1305","Nokia"
"1306","Nokia Corporation"
"1307","Nominal Personal Inc"
"1308","Nomura"
"1309","Nonfinancial Corp"
"1310","Northrop Grumman"
"1311","Norwegian Air Shuttle Bjorn"
"1312","Norwegian Cruise Line"
"1313","Novartis"
"1314","NPD"
"1315","NQ"
"1316","NRA"
"1317","NRG Energy"
"1318","NTN Corp"
"1319","Nuance Investments"
"1320","Nutronics Labs"
"1321","Nuveen Asset Management"
"1322","Nvidia Corporation"
"1323","NYSE"
"1324","O Corporation"
"1325","Oakley"
"1326","Oaktree Capital Group"
"1327","Oaktree Capital Management"
"1328","Obayashi Corp"
"1329","Oceanographic"
"1330","Oculus VR"
"1331","Ocwen Financial Corp"
"1332","Odaingerous"
"1333","Office Depot"
"1334","Office Depot Inc"
"1335","Offshore Oil Corporation"
"1336","Oil Corporation"
"1337","Oil Giant Total"
"1338","Olorama"
"1339","Olsson Inc"
"1340","Olympus Corp"
"1341","Omega Advisors"
"1342","OMGPop"
"1343","Omnicare Inc"
"1344","Omnicom"
"1345","One Beacon Co"
"1346","One Financial Corporation"
"1347","OneWire"
"1348","Or Digital Equipment Corporation"
"1349","Oracle"
"1350","Orcam Financial Group"
"1351","Oriental Brewery Co Ltd"
"1352","Orix Corp"
"1353","Outlook"
"1354","Overseas Shipholding Group"
"1355","Overstock"
"1356","Overstock.com"
"1357","Owl Asset Management"
"1358","Pacific Economic Co"
"1359","Pacific Ethanol Inc"
"1360","Pacific Investment Management Co"
"1361","Pacific Investment Management Company"
"1362","Pacific Investment Management Corp"
"1363","Pacific Maritime Association"
"1364","Pacifica Capital"
"1365","Packaging Corporation"
"1366","Paige Group"
"1367","Paige Hospitality Group"
"1368","Palantir"
"1369","Palm Beach Co"
"1370","Panasonic"
"1371","Pando"
"1372","Pandora"
"1373","Pandora Media"
"1374","Pantech Co"
"1375","Pantheon Macroeconomics"
"1376","Park Corporation"
"1377","Passenger Corporation"
"1378","Pat Co"
"1379","Patriarch Partners"
"1380","Patrick Co"
"1381","Paul Co"
"1382","Paul Singer"
"1383","Paulson"
"1384","PayPal"
"1385","PdVSA"
"1386","Peixin International Group"
"1387","Pemex"
"1388","Penney Co Inc"
"1389","Penney Company Inc"
"1390","Pennsylvania"
"1391","Peoples Bank"
"1392","Pepperstone"
"1393","Pepsi"
"1394","PepsiCo"
"1395","PepsiCo Inc"
"1396","Permanente"
"1397","Perry Capital"
"1398","Pershing Advisor Solutions"
"1399","Pershing Square"
"1400","Pershing Square Capital"
"1401","Pershing Square Capital Management"
"1402","Pershing Square Holdings"
"1403","Personal Co"
"1404","Personal Financial Advisors"
"1405","Personal Inc"
"1406","Peter Co"
"1407","Pethealth Inc"
"1408","Petrobras"
"1409","Petrochemical Corporation"
"1410","Petroleum Corporation"
"1411","Petroleum Exporting Co"
"1412","PetSmart"
"1413","Peugeot"
"1414","Pfizer"
"1415","Pharmaceuticals Corporation"
"1416","Philippine Amusement and Gaming Corporation"
"1417","Philips"
"1418","Phison Electronics Corp"
"1419","Pictures Corporation"
"1420","Pilgrim"
"1421","Pilgrim's"
"1422","Pimco"
"1423","PIMCO"
"1424","Pine River Capital"
"1425","Pivotal"
"1426","Pixar"
"1427","Pizza Inc"
"1428","Plated"
"1429","Playboy Enterprises"
"1430","Plexus Asset Management"
"1431","Point Inc"
"1432","Politburo Standing Co"
"1433","Portuguese"
"1434","Portuguese Bank Espirito Santo"
"1435","Potash Corporation"
"1436","Potomac Research Group"
"1437","Power Corporation"
"1438","Pragmatic Capital"
"1439","Preservation Corporation"
"1440","Priceline"
"1441","Pride"
"1442","Pride Corp"
"1443","Pride Corporation"
"1444","Private Wealth Management"
"1445","Pro"
"1446","Pro Inc"
"1447","Procter"
"1448","Procter & Gamble"
"1449","Products Corporation"
"1450","Professional Coin Grading Service"
"1451","Promontory"
"1452","Promontory Financial"
"1453","Promontory Financial Group"
"1454","Property Corporation"
"1455","ProShares"
"1456","Protalix"
"1457","Protection Corporation"
"1458","Psilos Group"
"1459","PSP Capital Partners"
"1460","Public Service Employees Credit Union"
"1461","Publicis Group"
"1462","PulteGroup"
"1463","Punjab State Civil Supplies Corp"
"1464","Punjab State Civil Supplies Corporation"
"1465","Qantas"
"1466","Qualcomm"
"1467","Qualcomm Inc"
"1468","Quest"
"1469","Quicken Loans"
"1470","Quicksilver"
"1471","Quirky Inc"
"1472","Quiznos"
"1473","Qwest"
"1474","R Corporation"
"1475","Raffles Medical Group"
"1476","Rail Construction Corporation"
"1477","Railroad Passenger Corporation"
"1478","Railway Construction Corporation"
"1479","Railway Corporation"
"1480","Ralph Lauren Corporation"
"1481","RAND Corp"
"1482","Rand Corporation"
"1483","Rand Group"
"1484","Raymond James Financial"
"1485","Raytheon"
"1486","RBS"
"1487","Real Estate Group"
"1488","Real Personal Inc"
"1489","Real Vision Television"
"1490","Realty Corporation"
"1491","Realty Inc"
"1492","Rebel Desk"
"1493","Recession"
"1494","RecessionAlert.com"
"1495","Recon Analytics"
"1496","Red Bull"
"1497","Red Peak Branding"
"1498","Red Robin Gourmet Burgers"
"1499","Regions Financial Corporation"
"1500","Renaissance Capital"
"1501","Rental Corporation"
"1502","Repsol"
"1503","Republican National Co"
"1504","Republican Study Co"
"1505","Research Affiliates"
"1506","Reserve Bank"
"1507","Resolution Corporation"
"1508","Resources"
"1509","Resources Corporation"
"1510","Resources Group"
"1511","Retail Group"
"1512","Retirement Inc"
"1513","Reuters"
"1514","Reuters Corp"
"1515","Reuters Facebook"
"1516","Reynolds Group"
"1517","Rhodium Group"
"1518","Richard Benstein Advisors"
"1519","Richard Bernstein Advisors"
"1520","Rite Aid"
"1521","Ritholtz Wealth"
"1522","Ritholtz Wealth Management"
"1523","Ritz Carlton"
"1524","RMI"
"1525","Roadhouse Inc"
"1526","Roche"
"1527","Rock"
"1528","Rock Group"
"1529","Rock Inc"
"1530","Rogers Communication"
"1531","Rolex"
"1532","Rolling Stock Corp"
"1533","Rongzhong Group"
"1534","Rosneft"
"1535","Rothschild Inc"
"1536","Rowe Price"
"1537","Royal Bank of Scotland"
"1538","Royal Dutch Shell"
"1539","Rubicon"
"1540","Runner Inc"
"1541","Rural Commercial Bank"
"1542","Russian Central Bank"
"1543","Russias Central Bank"
"1544","Ryanair"
"1545","Ryland Group"
"1546","S Caremark Corporation"
"1547","S Corporation"
"1548","SAC"
"1549","SAC Capital"
"1550","Safra Group"
"1551","Safran"
"1552","Sage Advisory Group"
"1553","SAIC Motor Corp"
"1554","Sainsbury"
"1555","Salesforce"
"1556","Sam Co"
"1557","Samsung"
"1558","Samsung Electronics"
"1559","Samsung Electronics Co"
"1560","Samsung Electronics Co Ltd"
"1561","Samsung Group"
"1562","Samsung Mobile"
"1563","Sands Corporation"
"1564","Sanofi"
"1565","Saudi Basic Industries"
"1566","Saudi Basic Industries Corp"
"1567","Schwab Corporation"
"1568","Scotland Group"
"1569","Scott Olson Twitter"
"1570","Scottish Re Group"
"1571","Scottrade Inc."
"1572","Scribd"
"1573","Seabreeze Partners Management"
"1574","Seabulk"
"1575","Seamless"
"1576","SearchMedia Holdings"
"1577","Sears"
"1578","Sears Canada"
"1579","Sears Holdings"
"1580","Sears Holdings Corp"
"1581","SEC"
"1582","SecondMarket"
"1583","Securities Corporation"
"1584","Selling Strategy To Lower Inc"
"1585","Sen John Co"
"1586","Sen Tom Co"
"1587","Senate Bank"
"1588","Senate Banking Co"
"1589","Senate Budget Co"
"1590","Senate Finance Co"
"1591","Senate Intelligence Co"
"1592","Senate Judiciary Co"
"1593","Senator Bob Co"
"1594","Sephora"
"1595","Sequence Inc"
"1596","Serv Corp"
"1597","Shack Corp"
"1598","Shack Corporation"
"1599","Shadow Government Statistics"
"1600","Shake Shack"
"1601","Shanghai Chaori Solar Energy Science and Technology Company"
"1602","Shanghai Film Co Ltd"
"1603","Shanghai International Port Group"
"1604","Sharp Corp"
"1605","Shaughnessy Asset Management"
"1606","Shell"
"1607","Shimizu Corp"
"1608","Ships Inc"
"1609","Shire"
"1610","Shuanghui Group"
"1611","Shutterstock"
"1612","Siemans"
"1613","Siemens"
"1614","Siemens America"
"1615","Siena Co"
"1616","Sigma Capital"
"1617","SigmaX"
"1618","Silvercrest Asset Management"
"1619","Simon Property Group Inc"
"1620","Singapore"
"1621","Sirius Satellite Radio"
"1622","Skullcandy"
"1623","Sky"
"1624","SkyBridge Capital"
"1625","Skype"
"1626","Smart Inc"
"1627","Smartcredit.com"
"1628","Smead Capital Management"
"1629","Snapchat"
"1630","Snapchat Inc"
"1631","Snapfish"
"1632","Snapple Group"
"1633","SocGen"
"1634","Societe Generale"
"1635","Softbank"
"1636","SoftBank"
"1637","SoftBank Corp"
"1638","Sohn Investment Co"
"1639","SolarCity"
"1640","Solaris Group"
"1641","Sonoma Inc"
"1642","Sony"
"1643","Sony Corporation"
"1644","Sony Group"
"1645","Sony Pictures Entertainment"
"1646","Soros Fund Management"
"1647","Sotheby"
"1648","Source Deutsche Bank"
"1649","South Sea Co"
"1650","Southeastern Asset Management"
"1651","Southern Corporation"
"1652","Southwest"
"1653","Space"
"1654","Spacex"
"1655","SpaceX"
"1656","Special Situations Group"
"1657","Springleaf Finance"
"1658","Sprint"
"1659","Square Inc"
"1660","Ss Sam Co"
"1661","St Louis Co"
"1662","Standard Bank"
"1663","Standard Bank Group"
"1664","Standard Chartered Bank"
"1665","Standard General"
"1666","Standard Solar"
"1667","Starboard Investments"
"1668","Starbucks"
"1669","Starbucks Coffee Company"
"1670","Starbucks Corporation"
"1671","Starr International"
"1672","Starr International Co"
"1673","State Automobile Dealers Association Inc"
"1674","State Civil Supplies Corporation"
"1675","State Street Corporation"
"1676","Statoil"
"1677","Steel Corp"
"1678","Steel Corporation"
"1679","Stephen Co"
"1680","Stephen Lam Apple"
"1681","Sterling"
"1682","Sterling Software Inc"
"1683","Steve Blumenthal"
"1684","Stifel"
"1685","Stilwell Value Partners"
"1686","Stocktwits"
"1687","Stop Corp"
"1688","Stores Inc"
"1689","Strait Wealth Management Group"
"1690","Stratasys"
"1691","Stratasys Inc"
"1692","Strategic Investment Co"
"1693","Stream Yahoo"
"1694","Street"
"1695","Street Corporation"
"1696","StreetID"
"1697","Streettalk Advisors"
"1698","Sumitomo Corporation"
"1699","Sumitomo Mitsui Financial Group"
"1700","SumZero"
"1701","Sun Art Retail Group"
"1702","Suning Commerce Group"
"1703","SunRun"
"1704","Superb Summit International Group"
"1705","Supercell"
"1706","Superconductor Corporation"
"1707","Supplies Corporation"
"1708","Supreme Co"
"1709","SurveyMonkey"
"1710","Suzuki Motor"
"1711","Swanson"
"1712","Swatch"
"1713","Swiss National Bank"
"1714","Swisscom"
"1715","Swisscom AG"
"1716","Sybase Inc."
"1717","Symantec"
"1718","Symantec Corp"
"1719","Systems Corp"
"1720","T Corporation"
"1721","T-Mobile"
"1722","Tactical Missiles Corporation"
"1723","Taikang"
"1724","Taisei Corp"
"1725","Takeda Pharmaceutical"
"1726","Takenaka Corp"
"1727","Tard Inc"
"1728","Target"
"1729","Target Corp"
"1730","Target Corporation"
"1731","TaskRabbit"
"1732","Tasly Pharmaceutical Group"
"1733","TBTF"
"1734","TD Ameritrade"
"1735","TD Ameritrade Holding Corp"
"1736","Teal Group"
"1737","Technologies Corporation"
"1738","Tekmira"
"1739","Tekmira Pharmaceuticals"
"1740","Tekmira Pharmaceuticals Corporation"
"1741","Tekmira Tekmira Pharmaceuticals Corporation"
"1742","Telecom Italia"
"1743","Television Group"
"1744","Templeton Emergin Markets Group"
"1745","Templeton Emerging Markets Group"
"1746","Templeton Investments"
"1747","Tencent Holdings Ltd"
"1748","Term Capital Management"
"1749","Tesco"
"1750","Tesla"
"1751","Tesla Motors"
"1752","Tesla Motors Inc"
"1753","Tesla Motors Inc. "
"1754","Texas Instruments"
"1755","The Advisor Center"
"1756","The Alexander Group"
"1757","The Alpert Group"
"1758","The American Co"
"1759","The Asian Corp"
"1760","The Australian Broadcasting Corp"
"1761","The Bank"
"1762","The Blackstone Group"
"1763","The Boeing Co"
"1764","The Boeing Company"
"1765","The Budget Co"
"1766","The Business Roundtable"
"1767","The Carlyle Group"
"1768","The Central Bank"
"1769","The Charles Schwab Corporation"
"1770","The Chartered Financial"
"1771","The Co"
"1772","The Colony Group"
"1773","The Consumer Financial"
"1774","The Deutsche Bank"
"1775","The Economic Co"
"1776","The Ensemble Practice"
"1777","The European Bank"
"1778","The European Central Bank"
"1779","The European Co"
"1780","The Federal Open Market Co"
"1781","The Financial Co"
"1782","The Gartman Letter"
"1783","The Governing Co"
"1784","The Group"
"1785","The Home Depot"
"1786","The Howard Hughes Corp"
"1787","the Human Rights Foundation"
"1788","The Hunt"
"1789","The Iron Bank"
"1790","The Lab"
"1791","The leisure shoe"
"1792","The National Association"
"1793","The Peoples Bank"
"1794","The Priceline Group"
"1795","The Priceline Group Inc."
"1796","The Reserve Bank"
"1797","The Royal Bank"
"1798","The Shanghai Co"
"1799","The Special Co"
"1800","The Spectrem Group"
"1801","The State Co"
"1802","The Supreme Co"
"1803","The Tokmakjian Group"
"1804","The Vanguard Group"
"1805","The Walt Disney Company"
"1806","The Washington Post"
"1807","The World Bank"
"1808","Theranos"
"1809","Think Group"
"1810","Third Point"
"1811","Third Point LLC"
"1812","Third Point Partners"
"1813","Thomas Co"
"1814","Thomas Pikettys Capital"
"1815","Thomson Reuters"
"1816","Three Gorges Corp"
"1817","TIAA-CREF"
"1818","Tianbao"
"1819","Tiger Management"
"1820","Tim Elmes Group"
"1821","Tim Hortons Inc"
"1822","Time Inc"
"1823","Time Warner"
"1824","Time Warner Cable"
"1825","Time Warner Inc"
"1826","Time Warner Inc."
"1827","Titan"
"1828","TJ Maxx"
"1829","TMobile"
"1830","Todd Co"
"1831","Tokmakjian Group"
"1832","Tokyo District Co"
"1833","Toll Brothers"
"1834","Tommy Hilfiger"
"1835","Too Much Power Over Corp"
"1836","Toshiba Corp"
"1837","Toshiba Corporation"
"1838","Total"
"1839","Total Inc"
"1840","Town Residential"
"1841","Toyota"
"1842","Toyota Motor Co"
"1843","Toyota Motor Corp"
"1844","Trade Group"
"1845","Transcanada Corp"
"1846","Transportation Corporation"
"1847","Transunion"
"1848","Travelers Group"
"1849","Treasury Departments Financial"
"1850","Treasury Select Co"
"1851","Tremor Video"
"1852","Trevi Group"
"1853","Tri-Ocean"
"1854","Trian Fund Management"
"1855","Trillion Dollar Co"
"1856","Triumph Group"
"1857","Truepoint Inc"
"1858","Trulia"
"1859","Trump Entertainment"
"1860","Trust Bank"
"1861","Trust Corporation"
"1862","TrustedSEC"
"1863","Tsai Capital"
"1864","Tucows Inc"
"1865","Tudor Investment Corporation"
"1866","Tumblr"
"1867","Turnberry Associates"
"1868","twenty-something"
"1869","Twitch"
"1870","Twitter"
"1871","Two"
"1872","Ty Inc"
"1873","Tyco"
"1874","Tyco International"
"1875","Tyson Foods"
"1876","Tyson Foods Inc"
"1877","U Corporation"
"1878","U.S. Silica Holdings"
"1879","U.S. Travel Association"
"1880","Uber"
"1881","UBS"
"1882","Ulker Biskuvi Sanayi"
"1883","Ultrasonic"
"1884","Unicharm Corp"
"1885","Unilever"
"1886","Union Square Ventures"
"1887","United Airlines Corporation"
"1888","United Parcel Service Inc."
"1889","United States Co"
"1890","United Technologies"
"1891","United Technologies Corp"
"1892","United Therapeutics"
"1893","Universa Investments"
"1894","Universal Corp"
"1895","Upgrade Capital"
"1896","UPS"
"1897","Upside"
"1898","Urban Affairs Co"
"1899","Urban Outfitters"
"1900","US Airways"
"1901","US Army Air Corp"
"1902","US Bancorp"
"1903","US Marine Corp"
"1904","USA Today"
"1905","USADA"
"1906","Valeant"
"1907","Valeant Pharmaceuticals Inc"
"1908","Value Investing Co"
"1909","ValueAct Capital"
"1910","Valueant"
"1911","Van Tuyl Group"
"1912","Vancouver British Co"
"1913","Vanguard"
"1914","Vanke"
"1915","Vanke Group"
"1916","Vegas Sands Corporation"
"1917","Venoco"
"1918","Ventures Energy Corporation"
"1919","Vere Group"
"1920","Vereinigung Co"
"1921","Verint Systems Inc."
"1922","Verizon"
"1923","Verizon Co"
"1924","Verizon Communications"
"1925","Verizon Communications Inc"
"1926","Vermin Inc"
"1927","Via Wikimedia Co"
"1928","Viacom"
"1929","Vianet Group"
"1930","Vie Inc"
"1931","Vimeo"
"1932","Violin Memory"
"1933","Virgin"
"1934","Virgin America"
"1935","Virgin America Founding"
"1936","Virtu Financial"
"1937","Visa"
"1938","Vision Inc"
"1939","Visteon"
"1940","Vistory Social Capital"
"1941","Vitaco Health Group"
"1942","Vitor Co"
"1943","VMware"
"1944","Vodafone Vittorio Colao"
"1945","Volkswagen Group"
"1946","Volvo"
"1947","VTB"
"1948","W Corporation"
"1949","Wal-mart"
"1950","Wal-Mart"
"1951","Walk Score"
"1952","Wall Street Bank"
"1953","Walmart"
"1954","Walmart Corp"
"1955","Walt Disney Co"
"1956","Wanda Commercial Properties Group"
"1957","Wanda Hotel Development Co Ltd"
"1958","Washington Examiner"
"1959","Washington Post Co"
"1960","Wasu Media Holding Co Ltd"
"1961","Wayfair Inc"
"1962","Waze"
"1963","Wealth Logic"
"1964","Wealth Management"
"1965","Weaved"
"1966","Weekly Market Co"
"1967","Wells Fargo"
"1968","Wells Fargo Advisors"
"1969","Wells Fargo Bank"
"1970","Wells Fargo Inc"
"1971","Wendy's"
"1972","Western Corp"
"1973","Western European Corporation"
"1974","Westor Capital Group"
"1975","Westport Mortgage"
"1976","Wet Seal"
"1977","Wet Seal Inc"
"1978","What Advisors"
"1979","WhatsApp"
"1980","When Co"
"1981","When Cultures Co"
"1982","When Markets Co"
"1983","Whisper"
"1984","White House Co"
"1985","White Lodging"
"1986","Whole Foods"
"1987","Whole Foods Market"
"1988","Why Advisors"
"1989","Wisconsin"
"1990","Wistron Corp"
"1991","Wix"
"1992","Wonga"
"1993","Woodbridge"
"1994","Word"
"1995","Workday Inc"
"1996","Working Group"
"1997","World Bank"
"1998","World Cup Group"
"1999","World Gold Co"
"2000","World Wrestling Entertainment"
"2001","WSJ"
"2002","Wyeth"
"2003","Wynn Resorts"
"2004","Wyse"
"2005","X Corporation"
"2006","Xerox Corporation"
"2007","Xerox Inc"
"2008","Xiaomi"
"2009","Xugong Group"
"2010","Yahoo"
"2011","YAHOO"
"2012","Yard Development Corporation"
"2013","Yelp"
"2014","Yet Because Corporation"
"2015","York Capital Management"
"2016","York Mellon Corporation"
"2017","Youtube"
"2018","YouTube"
"2019","Yuasa Corp"
"2020","Yuebao"
"2021","Yukos"
"2022","Yum Brands"
"2023","Yum Brands Inc"
"2024","Yves Saint Laurent"
"2025","Zagat"
"2026","Zappos"
"2027","Zara"
"2028","Zeneca"
"2029","Zhejiang Geely Holding Group"
"2030","Zillow"
"2031","Zion"
"2032","Zipcar"
"2033","Zone Development Corporation"
"2034","Zone Inc"
"2035","ZTE Corp"
"2036","Zynga"
